AddressLine1,AddressLine2,AddressLine3,AddressLine4,BusinessName,BusinessType,BusinessTypeID,ChangesByServerID,Distance,FHRSID,LocalAuthorityBusinessID,LocalAuthorityCode,LocalAuthorityEmailAddress,LocalAuthorityName,LocalAuthorityWebSite,NewRatingPending,Phone,PostCode,RatingDate,RatingKey,RatingValue,RightToReply,SchemeType,geocode.longitude,geocode.latitude,scores.Hygiene,scores.Structural,scores.ConfidenceInManagement,Chain,BusinessNameText,Address,ScreenStatus,ScreenReason
,402 Wood Lane,,Dagenham,Wm Morrisons Supermarkets Limited,Retailers - supermarkets/hypermarkets,7840,0,,129199,5970,501,foodsafety@lbbd.gov.uk,Barking and Dagenham,http://www.lbbd.gov.uk/Pages/Home.aspx,False,,RM10 7RA,2026-03-14T00:00:00,fhrs_5_en-gb,5,,FHRS,0.148436,51.559382,5.0,5.0,5.0,Morrisons,wm morrisons supermarkets limited,"402 Wood Lane, RM10 7RA",AUTO_INCLUDE,Full-format Morrisons supermarket
Unit A,258-262 Heathway,,Dagenham,Lidl UK GmbH,Retailers - supermarkets/hypermarkets,7840,0,,129311,59948,501,foodsafety@lbbd.gov.uk,Barking and Dagenham,http://www.lbbd.gov.uk/Pages/Home.aspx,False,,RM10 8QS,2025-12-06T00:00:00,fhrs_5_en-gb,5,,FHRS,0.148129,51.541852,5.0,5.0,5.0,Lidl,lidl uk gmbh,"Unit A, 258-262 Heathway, RM10 8QS",AUTO_INCLUDE,Lidl supermarket with established bakery provision
,62-82 Ripple Road,,Barking,Lidl Great Britain Ltd,Retailers - supermarkets/hypermarkets,7840,0,,1177749,74485,501,foodsafety@lbbd.gov.uk,Barking and Dagenham,http://www.lbbd.gov.uk/Pages/Home.aspx,False,,IG11 7PG,2025-03-24T00:00:00,fhrs_5_en-gb,5,,FHRS,0.081059,51.536569,0.0,0.0,0.0,Lidl,lidl great britain ltd,"62-82 Ripple Road, IG11 7PG",AUTO_INCLUDE,Lidl supermarket with established bakery provision
,807-829 Longbridge Road,,Barking,Lidl Great Britain Limited,Retailers - supermarkets/hypermarkets,7840,0,,1197145,74549,501,foodsafety@lbbd.gov.uk,Barking and Dagenham,http://www.lbbd.gov.uk/Pages/Home.aspx,False,,RM8 2DB,2025-02-22T00:00:00,fhrs_5_en-gb,5,,FHRS,0.1133203,51.5519813,5.0,5.0,5.0,Lidl,lidl great britain limited,"807-829 Longbridge Road, RM8 2DB",AUTO_INCLUDE,Lidl supermarket with established bakery provision
,79a Whalebone Lane South,,Dagenham,Lidl,Retailers - supermarkets/hypermarkets,7840,0,,1389714,77569,501,foodsafety@lbbd.gov.uk,Barking and Dagenham,http://www.lbbd.gov.uk/Pages/Home.aspx,False,,RM8 1AJ,2025-03-14T00:00:00,fhrs_5_en-gb,5,,FHRS,0.1460244,51.5636903,0.0,0.0,0.0,Lidl,lidl,"79a Whalebone Lane South, RM8 1AJ",AUTO_INCLUDE,Lidl supermarket with established bakery provision
,258-262 Heathway,,Dagenham,Lidl Store,Retailers - supermarkets/hypermarkets,7840,0,,1783203,82431,501,foodsafety@lbbd.gov.uk,Barking and Dagenham,http://www.lbbd.gov.uk/Pages/Home.aspx,False,,RM10 8QS,2025-01-18T00:00:00,fhrs_5_en-gb,5,,FHRS,0.1485694,51.5420607,5.0,5.0,5.0,Lidl,lidl store,"258-262 Heathway, RM10 8QS",AUTO_INCLUDE,Lidl supermarket with established bakery provision
39 Ballards Lane London,,,,Tesco Superstore,Retailers - supermarkets/hypermarkets,7840,0,,757716,CP/36945,502,FoodSafety@barnet.gov.uk,Barnet,http://www.barnet.gov.uk/,False,,N3 1XP,2026-02-10T00:00:00,fhrs_5_en-gb,5,,FHRS,-0.191331,51.603348,0.0,0.0,0.0,Tesco,tesco superstore,"39 Ballards Lane London, N3 1XP",AUTO_INCLUDE,Large Tesco supermarket format
23 Foots Cray High Street,Sidcup,Kent,,Lidl Foots Cray,Retailers - supermarkets/hypermarkets,7840,0,,329532,14520/4000/1/004,503,food.safety@bexley.gov.uk,Bexley,http://www.bexley.gov.uk,False,,DA14 5HJ,2024-03-02T00:00:00,fhrs_5_en-gb,5,,FHRS,0.118671,51.418592,0.0,0.0,0.0,Lidl,lidl foots cray,"23 Foots Cray High Street, Sidcup, Kent, DA14 5HJ",AUTO_INCLUDE,Lidl supermarket with established bakery provision
Embassy Court,Welling,Kent,,Tesco Welling Superstore,Retailers - supermarkets/hypermarkets,7840,0,,451404,10/00160/CP,503,food.safety@bexley.gov.uk,Bexley,http://www.bexley.gov.uk,False,,DA16 1TH,2026-06-22T00:00:00,fhrs_4_en-gb,4,,FHRS,0.109772,51.462072,5.0,10.0,5.0,Tesco,tesco welling superstore,"Embassy Court, Welling, Kent, DA16 1TH",AUTO_INCLUDE,Large Tesco supermarket format
301 Lower Road,Belvedere,Kent,,Asda Superstore,Retailers - supermarkets/hypermarkets,7840,0,,620280,13/00106/CP,503,food.safety@bexley.gov.uk,Bexley,http://www.bexley.gov.uk,False,,DA17 6DF,2024-11-22T00:00:00,fhrs_5_en-gb,5,,FHRS,0.154425,51.491611,0.0,0.0,0.0,Asda,asda superstore,"301 Lower Road, Belvedere, Kent, DA17 6DF",AUTO_INCLUDE,Large Asda supermarket format
71 - 79 Welling High Street,Welling,Kent,,Morrisons,Retailers - supermarkets/hypermarkets,7840,0,,665221,18980/0071/3/003,503,food.safety@bexley.gov.uk,Bexley,http://www.bexley.gov.uk,False,,DA16 1TU,2024-10-24T00:00:00,fhrs_4_en-gb,4,,FHRS,0.110817,51.462242,0.0,10.0,5.0,Morrisons,morrisons,"71 - 79 Welling High Street, Welling, Kent, DA16 1TU",AUTO_INCLUDE,Full-format Morrisons supermarket
James Watt Way,Erith,Kent,,Morrisons,Retailers - supermarkets/hypermarkets,7840,0,,682887,11525/2001/3/010,503,food.safety@bexley.gov.uk,Bexley,http://www.bexley.gov.uk,False,,DA8 2AH,2025-10-29T00:00:00,fhrs_5_en-gb,5,,FHRS,0.184678,51.480178,0.0,5.0,5.0,Morrisons,morrisons,"James Watt Way, Erith, Kent, DA8 2AH",AUTO_INCLUDE,Full-format Morrisons supermarket
1 Jenner Close,Sidcup,Kent,,Morrisons,Retailers - supermarkets/hypermarkets,7840,0,,738289,03/00017/CP,503,food.safety@bexley.gov.uk,Bexley,http://www.bexley.gov.uk,False,,DA14 6BF,2026-06-01T00:00:00,fhrs_5_en-gb,5,,FHRS,0.1025779,51.425068,5.0,5.0,0.0,Morrisons,morrisons,"1 Jenner Close, Sidcup, Kent, DA14 6BF",AUTO_INCLUDE,Full-format Morrisons supermarket
Lidl,20 Broadway,Bexleyheath,Kent,Lidl Bexleyheath,Retailers - supermarkets/hypermarkets,7840,0,,984334,17/00201/CP,503,food.safety@bexley.gov.uk,Bexley,http://www.bexley.gov.uk,False,,DA6 7LL,2025-02-28T00:00:00,fhrs_5_en-gb,5,,FHRS,0.149984002113342,51.4560890197754,5.0,5.0,0.0,Lidl,lidl bexleyheath,"Lidl, 20 Broadway, Bexleyheath, DA6 7LL",AUTO_INCLUDE,Lidl supermarket with established bakery provision
46 - 60 Upper Wickham Lane,Welling,Kent,,Lidl Welling,Retailers - supermarkets/hypermarkets,7840,0,,1009721,17/00305/CP,503,food.safety@bexley.gov.uk,Bexley,http://www.bexley.gov.uk,False,,DA16 3HF,2023-08-09T00:00:00,fhrs_5_en-gb,5,,FHRS,0.107984997332096,51.4635887145996,0.0,5.0,0.0,Lidl,lidl welling,"46 - 60 Upper Wickham Lane, Welling, Kent, DA16 3HF",AUTO_INCLUDE,Lidl supermarket with established bakery provision
Lidl,Blackbird Hill,London,,Lidl,Retailers - supermarkets/hypermarkets,7840,0,,532376,1816,504,ens.foodsafety@brent.gov.uk,Brent,http://www.brent.gov.uk/,False,,NW9 8SD,2023-10-03T00:00:00,fhrs_5_en-gb,5,,FHRS,-0.262658,51.564229,0.0,0.0,0.0,Lidl,lidl,"Lidl, Blackbird Hill, London, NW9 8SD",AUTO_INCLUDE,Lidl supermarket with established bakery provision
3 Stadium Retail Park,Wembley Park Drive,Wembley,,Lidl Discount Foodstores,Retailers - supermarkets/hypermarkets,7840,0,,532748,25116,504,ens.foodsafety@brent.gov.uk,Brent,http://www.brent.gov.uk/,False,,HA9 8TS,2025-06-09T00:00:00,fhrs_5_en-gb,5,,FHRS,-0.280747,51.56125,0.0,0.0,0.0,Lidl,lidl discount foodstores,"3 Stadium Retail Park, Wembley Park Drive, Wembley, HA9 8TS",AUTO_INCLUDE,Lidl supermarket with established bakery provision
Morrisons,Honeypot Lane,London,,Morrisons:-Cafe/S'market/butcher/baker/fish,Retailers - supermarkets/hypermarkets,7840,0,,533563,7015,504,ens.foodsafety@brent.gov.uk,Brent,http://www.brent.gov.uk/,False,,NW9 6RN,2024-08-13T00:00:00,fhrs_5_en-gb,5,,FHRS,-0.284613,51.591943,5.0,5.0,0.0,Morrisons,morrisons:-cafe/s'market/butcher/baker/fish,"Morrisons, Honeypot Lane, London, NW9 6RN",AUTO_INCLUDE,Full-format Morrisons supermarket
Tesco,Great Central Way,London,,Tesco Supermarket,Retailers - supermarkets/hypermarkets,7840,0,,533762,8527,504,ens.foodsafety@brent.gov.uk,Brent,http://www.brent.gov.uk/,False,,NW10 0TL,2024-07-02T00:00:00,fhrs_5_en-gb,5,,FHRS,-0.255449,51.553916,5.0,0.0,0.0,Tesco,tesco supermarket,"Tesco, Great Central Way, London, NW10 0TL",AUTO_INCLUDE,Large Tesco supermarket format
399 Edgware Road,Kingsbury,London,,Morrisons,Retailers - supermarkets/hypermarkets,7840,0,,858154,87309,504,ens.foodsafety@brent.gov.uk,Brent,http://www.brent.gov.uk/,False,,NW9 0FH,2024-08-13T00:00:00,fhrs_5_en-gb,5,,FHRS,-0.2595171,51.5933473,0.0,5.0,0.0,Morrisons,morrisons,"399 Edgware Road, Kingsbury, London, NW9 0FH",AUTO_INCLUDE,Full-format Morrisons supermarket
Lidl Great Britain Ltd,199 Ealing Road,Wembley,,Lidl,Retailers - supermarkets/hypermarkets,7840,0,,1596909,104166,504,ens.foodsafety@brent.gov.uk,Brent,http://www.brent.gov.uk/,False,,HA0 4GP,2025-12-10T00:00:00,fhrs_5_en-gb,5,,FHRS,-0.2993293,51.5401737,0.0,5.0,5.0,Lidl,lidl,"Lidl Great Britain Ltd, 199 Ealing Road, Wembley, HA0 4GP",AUTO_INCLUDE,Lidl supermarket with established bakery provision
Morrisons 70 Queensway,Petts Wood,Orpington,,Morrisons,Retailers - supermarkets/hypermarkets,7840,0,,357866,00000/0001/3/069,505,food@bromley.gov.uk,Bromley,http://www.bromley.gov.uk,False,,BR5 1DH,2025-07-24T00:00:00,fhrs_5_en-gb,5,,FHRS,0.0741653,51.3880572,0.0,0.0,0.0,Morrisons,morrisons,"Morrisons 70 Queensway, Petts Wood, Orpington, BR5 1DH",AUTO_INCLUDE,Full-format Morrisons supermarket
Tesco Stores 9 Augustus Lane,,Orpington,,Tesco Extra,Retailers - supermarkets/hypermarkets,7840,0,,358489,09/00107/MIXED,505,food@bromley.gov.uk,Bromley,http://www.bromley.gov.uk,False,,BR6 0NH,2026-01-26T00:00:00,fhrs_5_en-gb,5,,FHRS,0.0968366,51.3740115,0.0,0.0,0.0,Tesco,tesco extra,"Tesco Stores 9 Augustus Lane, Orpington, BR6 0NH",AUTO_INCLUDE,Large Tesco supermarket format
Lidl 330 Crofton Road,,Orpington,,Lidl,Retailers - supermarkets/hypermarkets,7840,0,,445151,12/00247/MIXED,505,food@bromley.gov.uk,Bromley,http://www.bromley.gov.uk,False,,BR6 8NW,2024-09-19T00:00:00,fhrs_5_en-gb,5,,FHRS,0.0559944,51.3680718,0.0,5.0,0.0,Lidl,lidl,"Lidl 330 Crofton Road, Orpington, BR6 8NW",AUTO_INCLUDE,Lidl supermarket with established bakery provision
2A Glebe Way,,West Wickham,,Lidl,Retailers - supermarkets/hypermarkets,7840,0,,940538,16/00264/MIXED,505,food@bromley.gov.uk,Bromley,http://www.bromley.gov.uk,False,,BR4 0RJ,2026-01-22T00:00:00,fhrs_5_en-gb,5,,FHRS,-0.013868,51.3754362,0.0,0.0,0.0,Lidl,lidl,"2A Glebe Way, West Wickham, BR4 0RJ",AUTO_INCLUDE,Lidl supermarket with established bakery provision
Ground Floor 124 - 126 High Street,,Bromley,,Lidl,Retailers - supermarkets/hypermarkets,7840,0,,1094617,18/00444/MIXED,505,food@bromley.gov.uk,Bromley,http://www.bromley.gov.uk,False,,BR1 1EZ,2024-01-11T00:00:00,fhrs_5_en-gb,5,,FHRS,0.0144884,51.4040885,5.0,5.0,5.0,Lidl,lidl,"Ground Floor 124 - 126 High Street, Bromley, BR1 1EZ",AUTO_INCLUDE,Lidl supermarket with established bakery provision
129 Burnt Ash Lane,,Bromley,,Lidl,Retailers - supermarkets/hypermarkets,7840,0,,1295612,20/00572/MIXED,505,food@bromley.gov.uk,Bromley,http://www.bromley.gov.uk,False,,BR1 5AJ,2026-02-19T00:00:00,fhrs_5_en-gb,5,,FHRS,0.0210904,51.4210883,5.0,5.0,5.0,Lidl,lidl,"129 Burnt Ash Lane, Bromley, BR1 5AJ",AUTO_INCLUDE,Lidl supermarket with established bakery provision
Unit 1 168 Sevenoaks Way,,Orpington,,Lidl,Retailers - supermarkets/hypermarkets,7840,0,,1450625,22/00019/MIXED,505,food@bromley.gov.uk,Bromley,http://www.bromley.gov.uk,False,,BR5 3AE,2025-04-09T00:00:00,fhrs_5_en-gb,5,,FHRS,0.1122605,51.3994173,0.0,0.0,0.0,Lidl,lidl,"Unit 1 168 Sevenoaks Way, Orpington, BR5 3AE",AUTO_INCLUDE,Lidl supermarket with established bakery provision
24 Mottingham Road,Mottingham,London,,Lidl,Retailers - supermarkets/hypermarkets,7840,0,,1588922,22/00670/MIXED,505,food@bromley.gov.uk,Bromley,http://www.bromley.gov.uk,False,,SE9 4QW,2026-03-31T00:00:00,fhrs_5_en-gb,5,,FHRS,0.042486,51.437283,0.0,0.0,0.0,Lidl,lidl,"24 Mottingham Road, Mottingham, London, SE9 4QW",AUTO_INCLUDE,Lidl supermarket with established bakery provision
,76-77 Chalk Farm Road,,London,Sainsbury's Supermarket Ltd,Retailers - supermarkets/hypermarkets,7840,0,,424846,36578,506,foodsafety@camden.gov.uk,Camden,http://www.camden.gov.uk,False,,NW1 8AN,2022-06-08T00:00:00,fhrs_5_en-gb,5,,FHRS,-0.1511649,51.5435445,0.0,5.0,0.0,Sainsbury's,sainsbury's supermarket ltd,"76-77 Chalk Farm Road, NW1 8AN",AUTO_INCLUDE,Large Sainsbury's supermarket format
,126-132 Fortess Road,,London,Sainsburys Supermarket,Retailers - supermarkets/hypermarkets,7840,0,,425022,45089,506,foodsafety@camden.gov.uk,Camden,http://www.camden.gov.uk,False,,NW5 2HP,2025-04-29T00:00:00,fhrs_5_en-gb,5,,FHRS,-0.1389535,51.5558154,0.0,0.0,5.0,Sainsbury's,sainsburys supermarket,"126-132 Fortess Road, NW5 2HP",AUTO_INCLUDE,Large Sainsbury's supermarket format
Unit 11 Euston Station,Eversholt Street,,London,Sainsbury’s Supermarket,Retailers - supermarkets/hypermarkets,7840,0,,426170,68110,506,foodsafety@camden.gov.uk,Camden,http://www.camden.gov.uk,False,,NW1 2DU,2018-01-09T00:00:00,fhrs_4_en-gb,4,,FHRS,-0.133270993828774,51.5286674499512,0.0,10.0,0.0,Sainsbury's,sainsbury’s supermarket,"Unit 11 Euston Station, Eversholt Street, NW1 2DU",AUTO_INCLUDE,Large Sainsbury's supermarket format
Jameson House,146-148 Clerkenwell Road,,London,Sainsburys Supermarket,Retailers - supermarkets/hypermarkets,7840,0,,426249,69972,506,foodsafety@camden.gov.uk,Camden,http://www.camden.gov.uk,False,,EC1R 5DG,2025-02-03T00:00:00,fhrs_5_en-gb,5,,FHRS,-0.109950996935368,51.5222396850586,0.0,5.0,0.0,Sainsbury's,sainsburys supermarket,"Jameson House, 146-148 Clerkenwell Road, EC1R 5DG",AUTO_INCLUDE,Large Sainsbury's supermarket format
,204-206 West End Lane,,,Sainsburys Supermarket,Retailers - supermarkets/hypermarkets,7840,0,,470814,66021,506,foodsafety@camden.gov.uk,Camden,http://www.camden.gov.uk,False,,NW6 1SG,2024-12-04T00:00:00,fhrs_5_en-gb,5,,FHRS,-0.191176,51.549805,0.0,0.0,0.0,Sainsbury's,sainsburys supermarket,"204-206 West End Lane, NW6 1SG",AUTO_INCLUDE,Large Sainsbury's supermarket format
,217-223 Kentish Town Road,,,Lidl U.K. Gmbh,Retailers - supermarkets/hypermarkets,7840,0,,817061,81789,506,foodsafety@camden.gov.uk,Camden,http://www.camden.gov.uk,False,,NW5 2JU,2022-05-23T00:00:00,fhrs_5_en-gb,5,,FHRS,-0.142171,51.546817,0.0,5.0,0.0,Lidl,lidl u.k. gmbh,"217-223 Kentish Town Road, NW5 2JU",AUTO_INCLUDE,Lidl supermarket with established bakery provision
,145 Tottenham Court Road,,London,Lidl,Retailers - supermarkets/hypermarkets,7840,0,,1267287,198635,506,foodsafety@camden.gov.uk,Camden,http://www.camden.gov.uk,False,,W1T 7NE,2021-05-05T00:00:00,fhrs_5_en-gb,5,,FHRS,-0.1374027,51.5242174,5.0,5.0,5.0,Lidl,lidl,"145 Tottenham Court Road, W1T 7NE",AUTO_INCLUDE,Lidl supermarket with established bakery provision
Sainsburys Hampstead High Street,35-36 Hampstead High Street,,London,SAINSBURY'S SUPERMARKET LTD,Retailers - supermarkets/hypermarkets,7840,0,,1471696,200883,506,foodsafety@camden.gov.uk,Camden,http://www.camden.gov.uk,False,,NW3 1QE,2022-04-26T00:00:00,fhrs_5_en-gb,5,,FHRS,-0.1773101,51.5562104,0.0,5.0,0.0,Sainsbury's,sainsbury's supermarket ltd,"Sainsburys Hampstead High Street, 35-36 Hampstead High Street, NW3 1QE",AUTO_INCLUDE,Large Sainsbury's supermarket format
,21 Tottenham Court Road,,London,SAINSBURYS SUPERMARKET LTD,Retailers - supermarkets/hypermarkets,7840,0,,1899849,206875,506,foodsafety@camden.gov.uk,Camden,http://www.camden.gov.uk,False,,W1T 1BJ,2026-02-10T00:00:00,fhrs_5_en-gb,5,,FHRS,-0.1317917,51.5176084,0.0,5.0,0.0,Sainsbury's,sainsburys supermarket ltd,"21 Tottenham Court Road, W1T 1BJ",AUTO_INCLUDE,Large Sainsbury's supermarket format
18 - 19 Eldon Street,London,,,Sainsburys Supermarket,Retailers - supermarkets/hypermarkets,7840,0,,1914086,26/00087/COMM,508,publicprotection@cityoflondon.gov.uk,City of London Corporation,http://www.cityoflondon.gov.uk/Corporation/homepage.htm,False,,EC2M 7LA,2026-02-27T00:00:00,fhrs_5_en-gb,5,,FHRS,-0.0849743,51.5183372,0.0,0.0,0.0,Sainsbury's,sainsburys supermarket,"18 - 19 Eldon Street, London, EC2M 7LA",AUTO_INCLUDE,Large Sainsbury's supermarket format
Tesco,2 - 32 Brigstock Road,Thornton Heath,,Tesco Superstore,Retailers - supermarkets/hypermarkets,7840,0,,1590,00292/0032/0/200,507,food.safety@croydon.gov.uk,Croydon,http://www.croydon.gov.uk,False,,CR7 8RX,2025-01-16T00:00:00,fhrs_5_en-gb,5,,FHRS,-0.100445002317429,51.3984909057617,0.0,0.0,0.0,Tesco,tesco superstore,"Tesco, 2 - 32 Brigstock Road, Thornton Heath, CR7 8RX",AUTO_INCLUDE,Large Tesco supermarket format
Supermarket,99 - 101 London Road,Croydon,,Lidl Superstore,Retailers - supermarkets/hypermarkets,7840,0,,6987,02670/0099/0/201,507,food.safety@croydon.gov.uk,Croydon,http://www.croydon.gov.uk,False,,CR0 2RF,2017-11-17T00:00:00,fhrs_5_en-gb,5,,FHRS,-0.104585997760296,51.3796920776367,0.0,5.0,5.0,Lidl,lidl superstore,"Supermarket, 99 - 101 London Road, Croydon, CR0 2RF",AUTO_INCLUDE,Lidl supermarket with established bakery provision
845 London Road,Thornton Heath,,,Lidl,Retailers - supermarkets/hypermarkets,7840,0,,7032,02671/0845/3/211,507,food.safety@croydon.gov.uk,Croydon,http://www.croydon.gov.uk,False,,CR7 6AW,2024-10-30T00:00:00,fhrs_5_en-gb,5,,FHRS,-0.114987000823021,51.3948135375977,0.0,5.0,0.0,Lidl,lidl,"845 London Road, Thornton Heath, CR7 6AW",AUTO_INCLUDE,Lidl supermarket with established bakery provision
Lidl,68 - 74 Church Street,Croydon,,Lidl UK,Retailers - supermarkets/hypermarkets,7840,0,,293526,10/00567/COMM,507,food.safety@croydon.gov.uk,Croydon,http://www.croydon.gov.uk,False,,CR0 1RB,2023-09-25T00:00:00,fhrs_5_en-gb,5,,FHRS,-0.103110000491142,51.3736801147461,0.0,5.0,0.0,Lidl,lidl uk,"Lidl, 68 - 74 Church Street, Croydon, CR0 1RB",AUTO_INCLUDE,Lidl supermarket with established bakery provision
Lidl Store,1 Parkway,Croydon,,Lidl,Retailers - supermarkets/hypermarkets,7840,0,,563370,12/00300/COMM,507,food.safety@croydon.gov.uk,Croydon,http://www.croydon.gov.uk,False,,CR0 0JA,2019-07-01T00:00:00,fhrs_5_en-gb,5,,FHRS,-0.0196712,51.3465233,5.0,5.0,0.0,Lidl,lidl,"Lidl Store, 1 Parkway, Croydon, CR0 0JA",AUTO_INCLUDE,Lidl supermarket with established bakery provision
Lidl Store,1 Hermitage Lane,Norbury,London,Lidl,Retailers - supermarkets/hypermarkets,7840,0,,859654,13/00141/COMM,507,food.safety@croydon.gov.uk,Croydon,http://www.croydon.gov.uk,False,,SW16 3LH,2025-07-18T00:00:00,fhrs_5_en-gb,5,,FHRS,-0.123242996633053,51.4147033691406,0.0,5.0,0.0,Lidl,lidl,"Lidl Store, 1 Hermitage Lane, Norbury, SW16 3LH",AUTO_INCLUDE,Lidl supermarket with established bakery provision
411 Beulah Hill,Upper Norwood,London,,Lidl,Retailers - supermarkets/hypermarkets,7840,0,,1159954,19/00321/COMM,507,food.safety@croydon.gov.uk,Croydon,http://www.croydon.gov.uk,False,,SE19 3UZ,2019-10-21T00:00:00,fhrs_5_en-gb,5,,FHRS,-0.102765999734402,51.4182472229004,0.0,0.0,5.0,Lidl,lidl,"411 Beulah Hill, Upper Norwood, London, SE19 3UZ",AUTO_INCLUDE,Lidl supermarket with established bakery provision
119 - 123 Whitehorse Road,Croydon,,,Lidl,Retailers - supermarkets/hypermarkets,7840,0,,1172973,19/00361/COMM,507,food.safety@croydon.gov.uk,Croydon,http://www.croydon.gov.uk,False,,CR0 2LG,2021-06-22T00:00:00,fhrs_5_en-gb,5,,FHRS,-0.096797,51.3878018,0.0,0.0,5.0,Lidl,lidl,"119 - 123 Whitehorse Road, Croydon, CR0 2LG",AUTO_INCLUDE,Lidl supermarket with established bakery provision
2 Trojan Way,Croydon,,,Lidl,Retailers - supermarkets/hypermarkets,7840,0,,1176079,19/00395/COMM,507,food.safety@croydon.gov.uk,Croydon,http://www.croydon.gov.uk,False,,CR0 4XL,2026-03-14T00:00:00,fhrs_4_en-gb,4,,FHRS,-0.1198053,51.3738296,10.0,0.0,5.0,Lidl,lidl,"2 Trojan Way, Croydon, CR0 4XL",AUTO_INCLUDE,Lidl supermarket with established bakery provision
Morrisons,King Street,Acton,,Morrisons,Retailers - supermarkets/hypermarkets,7840,0,,1033068,PI000139200,509,foodsafety@ealing.gov.uk,Ealing,https://www.ealing.gov.uk/info/201150/food_hygiene_and_safety,False,,W3 9LA,2025-08-14T00:00:00,fhrs_4_en-gb,4,,FHRS,-0.272913,51.507927,5.0,10.0,5.0,Morrisons,morrisons,"Morrisons, King Street, Acton, W3 9LA",AUTO_INCLUDE,Full-format Morrisons supermarket
Unit 3,The Arcadia Centre,The Broadway,Ealing,Morrisons,Retailers - supermarkets/hypermarkets,7840,0,,1033557,PI000172923,509,foodsafety@ealing.gov.uk,Ealing,https://www.ealing.gov.uk/info/201150/food_hygiene_and_safety,False,,W5 2ND,2025-05-07T00:00:00,fhrs_5_en-gb,5,,FHRS,-0.303985,51.514019,0.0,0.0,0.0,Morrisons,morrisons,"Unit 3, The Arcadia Centre, The Broadway, W5 2ND",AUTO_INCLUDE,Full-format Morrisons supermarket
461 Ruislip Road,Northolt,,,Lidl,Retailers - supermarkets/hypermarkets,7840,0,,1108942,CP01580,509,foodsafety@ealing.gov.uk,Ealing,https://www.ealing.gov.uk/info/201150/food_hygiene_and_safety,False,,UB5 6ZD,2024-08-05T00:00:00,fhrs_5_en-gb,5,,FHRS,-0.3896404,51.5345865,0.0,5.0,0.0,Lidl,lidl,"461 Ruislip Road, Northolt, UB5 6ZD",AUTO_INCLUDE,Lidl supermarket with established bakery provision
Unit 4,The Oaks Shopping Centre,High Street,Acton,Lidl,Retailers - supermarkets/hypermarkets,7840,0,,1108943,CP01581,509,foodsafety@ealing.gov.uk,Ealing,https://www.ealing.gov.uk/info/201150/food_hygiene_and_safety,False,,W3 6RE,2026-01-07T00:00:00,fhrs_5_en-gb,5,,FHRS,-0.2695807,51.5074648,5.0,5.0,5.0,Lidl,lidl,"Unit 4, The Oaks Shopping Centre, High Street, W3 6RE",AUTO_INCLUDE,Lidl supermarket with established bakery provision
63 - 65 Broadway,West Ealing,,,Lidl,Retailers - supermarkets/hypermarkets,7840,0,,1108944,CP01582,509,foodsafety@ealing.gov.uk,Ealing,https://www.ealing.gov.uk/info/201150/food_hygiene_and_safety,False,,W13 9BP,2024-12-20T00:00:00,fhrs_5_en-gb,5,,FHRS,-0.3243092,51.5098508,0.0,5.0,0.0,Lidl,lidl,"63 - 65 Broadway, West Ealing, W13 9BP",AUTO_INCLUDE,Lidl supermarket with established bakery provision
Macmillan Court,309 Ruislip Road East,Greenford,,Lidl,Retailers - supermarkets/hypermarkets,7840,0,,1108946,CP01584,509,foodsafety@ealing.gov.uk,Ealing,https://www.ealing.gov.uk/info/201150/food_hygiene_and_safety,False,,UB6 9FH,2025-11-14T00:00:00,fhrs_5_en-gb,5,,FHRS,-0.350641,51.527057,0.0,0.0,0.0,Lidl,lidl,"Macmillan Court, 309 Ruislip Road East, Greenford, UB6 9FH",AUTO_INCLUDE,Lidl supermarket with established bakery provision
Unit 4,Westway Cross Retail Park,1000 Greenford Road,Greenford,Lidl,Retailers - supermarkets/hypermarkets,7840,0,,1108947,CP01585,509,foodsafety@ealing.gov.uk,Ealing,https://www.ealing.gov.uk/info/201150/food_hygiene_and_safety,False,,UB6 0UW,2024-08-08T00:00:00,fhrs_5_en-gb,5,,FHRS,-0.340278,51.5419019,0.0,5.0,5.0,Lidl,lidl,"Unit 4, Westway Cross Retail Park, 1000 Greenford Road, UB6 0UW",AUTO_INCLUDE,Lidl supermarket with established bakery provision
23 Old Oak Common Lane,Acton,,,Lidl,Retailers - supermarkets/hypermarkets,7840,0,,1582816,CP03853,509,foodsafety@ealing.gov.uk,Ealing,https://www.ealing.gov.uk/info/201150/food_hygiene_and_safety,False,,W3 7BA,2025-12-15T00:00:00,fhrs_5_en-gb,5,,FHRS,-0.2479845,51.530615,0.0,5.0,0.0,Lidl,lidl,"23 Old Oak Common Lane, Acton, W3 7BA",AUTO_INCLUDE,Lidl supermarket with established bakery provision
Department Store,90 - 94 Broadway,West Ealing,,Lidl,Retailers - supermarkets/hypermarkets,7840,0,,1802874,CP04930,509,foodsafety@ealing.gov.uk,Ealing,https://www.ealing.gov.uk/info/201150/food_hygiene_and_safety,False,,W13 0SY,2026-02-11T00:00:00,fhrs_5_en-gb,5,,FHRS,-0.3247777,51.510433,0.0,5.0,0.0,Lidl,lidl,"Department Store, 90 - 94 Broadway, West Ealing, W13 0SY",AUTO_INCLUDE,Lidl supermarket with established bakery provision
90 - 94 Uxbridge Road,Hanwell,,,Lidl,Retailers - supermarkets/hypermarkets,7840,0,,1900093,CP05777,509,foodsafety@ealing.gov.uk,Ealing,https://www.ealing.gov.uk/info/201150/food_hygiene_and_safety,False,,W7 3SU,1901-01-01T00:00:00,fhrs_awaitinginspection_en-gb,AwaitingInspection,,FHRS,-0.3362499,51.5080334,,,,Lidl,lidl,"90 - 94 Uxbridge Road, Hanwell, W7 3SU",AUTO_INCLUDE,Lidl supermarket with established bakery provision
Morrisons Supermarket And Car Park,Aldermans Hill,LONDON,,Wm Morrison Supermarkets Limited,Retailers - supermarkets/hypermarkets,7840,0,,316031,PI/000001801,510,environmental.health@enfield.gov.uk,Enfield,http://www.enfield.gov.uk/,False,,N13 4YD,2026-05-07T00:00:00,fhrs_5_en-gb,5,,FHRS,-0.109965,51.617811,0.0,0.0,0.0,Morrisons,wm morrison supermarkets limited,"Morrisons Supermarket And Car Park, Aldermans Hill, LONDON, N13 4YD",AUTO_INCLUDE,Full-format Morrisons supermarket
288 High Street,ENFIELD,,,Tesco Extra,Retailers - supermarkets/hypermarkets,7840,0,,316722,PI/000062898,510,environmental.health@enfield.gov.uk,Enfield,http://www.enfield.gov.uk/,False,,EN3 4DP,2025-06-11T00:00:00,fhrs_4_en-gb,4,,FHRS,-0.047376,51.648027,5.0,10.0,0.0,Tesco,tesco extra,"288 High Street, ENFIELD, EN3 4DP",AUTO_INCLUDE,Large Tesco supermarket format
327 Southbury Road,ENFIELD,,,Wm Morrison Supermarkets Ltd,Retailers - supermarkets/hypermarkets,7840,0,,317077,PI/000109974,510,environmental.health@enfield.gov.uk,Enfield,http://www.enfield.gov.uk/,False,,EN1 1TW,2025-11-25T00:00:00,fhrs_5_en-gb,5,,FHRS,-0.057127,51.647487,5.0,5.0,5.0,Morrisons,wm morrison supermarkets ltd,"327 Southbury Road, ENFIELD, EN1 1TW",AUTO_INCLUDE,Full-format Morrisons supermarket
6-16 Sterling Way,LONDON,,,Lidl,Retailers - supermarkets/hypermarkets,7840,0,,317485,PI/000145232,510,environmental.health@enfield.gov.uk,Enfield,http://www.enfield.gov.uk/,False,,N18 2XZ,1901-01-01T00:00:00,fhrs_awaitinginspection_en-gb,AwaitingInspection,,FHRS,-0.0652048,51.6142751,,,,Lidl,lidl,"6-16 Sterling Way, LONDON, N18 2XZ",AUTO_INCLUDE,Lidl supermarket with established bakery provision
107 Cecil Road,ENFIELD,,,Lidl,Retailers - supermarkets/hypermarkets,7840,0,,317649,PI/000159333,510,environmental.health@enfield.gov.uk,Enfield,http://www.enfield.gov.uk/,False,,EN2 6TR,2026-01-15T00:00:00,fhrs_4_en-gb,4,,FHRS,-0.080486,51.650218,0.0,5.0,10.0,Lidl,lidl,"107 Cecil Road, ENFIELD, EN2 6TR",AUTO_INCLUDE,Lidl supermarket with established bakery provision
21-27 The Concourse,LONDON,,,Lidl,Retailers - supermarkets/hypermarkets,7840,0,,317654,PI/000160107,510,environmental.health@enfield.gov.uk,Enfield,http://www.enfield.gov.uk/,False,,N9 0TY,2025-12-07T00:00:00,fhrs_2_en-gb,2,,FHRS,-0.0593763,51.6245914,5.0,15.0,10.0,Lidl,lidl,"21-27 The Concourse, LONDON, N9 0TY",AUTO_INCLUDE,Lidl supermarket with established bakery provision
654-658 Hertford Road,ENFIELD,,,Lidl,Retailers - supermarkets/hypermarkets,7840,0,,1030259,PI/000181472,510,environmental.health@enfield.gov.uk,Enfield,http://www.enfield.gov.uk/,False,,EN3 6LZ,1901-01-01T00:00:00,fhrs_awaitinginspection_en-gb,AwaitingInspection,,FHRS,-0.0413444,51.6719358,,,,Lidl,lidl,"654-658 Hertford Road, ENFIELD, EN3 6LZ",AUTO_INCLUDE,Lidl supermarket with established bakery provision
Asda Bugsbys Way,,Charlton,Greenwich,Asda Superstore,Retailers - supermarkets/hypermarkets,7840,0,,694145,PI/000023313,511,Food.Concerns@royalgreenwich.gov.uk,Greenwich,http://www.royalgreenwich.gov.uk,False,,SE7 7ST,2025-05-13T00:00:00,fhrs_5_en-gb,5,,FHRS,0.0235728,51.4896343,0.0,0.0,0.0,Asda,asda superstore,"Asda Bugsbys Way, Charlton, SE7 7ST",AUTO_INCLUDE,Large Asda supermarket format
1B Eynsham Drive,,Abbey Wood,Greenwich,Lidl,Retailers - supermarkets/hypermarkets,7840,0,,694307,PI/000054542,511,Food.Concerns@royalgreenwich.gov.uk,Greenwich,http://www.royalgreenwich.gov.uk,False,,SE2 9RQ,2026-07-02T00:00:00,fhrs_5_en-gb,5,,FHRS,0.1186586,51.4959915,0.0,5.0,0.0,Lidl,lidl,"1B Eynsham Drive, Abbey Wood, SE2 9RQ",AUTO_INCLUDE,Lidl supermarket with established bakery provision
1 Macbean Street,,Woolwich,Greenwich,Lidl,Retailers - supermarkets/hypermarkets,7840,0,,694512,PI/000095054,511,Food.Concerns@royalgreenwich.gov.uk,Greenwich,http://www.royalgreenwich.gov.uk,False,,SE18 6LW,2026-02-28T00:00:00,fhrs_5_en-gb,5,,FHRS,0.0658173,51.4927833,0.0,0.0,0.0,Lidl,lidl,"1 Macbean Street, Woolwich, SE18 6LW",AUTO_INCLUDE,Lidl supermarket with established bakery provision
5 Twin Tumps Way,,Thamesmead,Greenwich,Morrisons,Retailers - supermarkets/hypermarkets,7840,0,,694821,PI/000150644,511,Food.Concerns@royalgreenwich.gov.uk,Greenwich,http://www.royalgreenwich.gov.uk,False,,SE28 8RD,2026-03-02T00:00:00,fhrs_5_en-gb,5,,FHRS,0.103074997663498,51.5061416625977,0.0,0.0,0.0,Morrisons,morrisons,"5 Twin Tumps Way, Thamesmead, SE28 8RD",AUTO_INCLUDE,Full-format Morrisons supermarket
137 Eltham High Street,,Eltham,Greenwich,Lidl UK GMBH,Retailers - supermarkets/hypermarkets,7840,0,,951558,PI/000174545,511,Food.Concerns@royalgreenwich.gov.uk,Greenwich,http://www.royalgreenwich.gov.uk,False,,SE9 1TQ,2025-03-15T00:00:00,fhrs_5_en-gb,5,,FHRS,0.0558396,51.4511031,0.0,5.0,0.0,Lidl,lidl uk gmbh,"137 Eltham High Street, Eltham, SE9 1TQ",AUTO_INCLUDE,Lidl supermarket with established bakery provision
,27-37 WELL STREET,Hackney,London,Lidl Food Store,Retailers - supermarkets/hypermarkets,7840,0,,469123,18708,512,technicalbusinesssupport@hackney.gov.uk,Hackney,https://hackney.gov.uk/environmental-health#food,False,,E9 7QX,2026-05-28T00:00:00,fhrs_5_en-gb,5,,FHRS,-0.0538782,51.5407559,5.0,5.0,5.0,Lidl,lidl food store,"27-37 WELL STREET, Hackney, E9 7QX",AUTO_INCLUDE,Lidl supermarket with established bakery provision
,47-49 STAMFORD HILL,Hackney,London,Morrisons,Retailers - supermarkets/hypermarkets,7840,0,,469579,26474,512,technicalbusinesssupport@hackney.gov.uk,Hackney,https://hackney.gov.uk/environmental-health#food,False,,N16 5SR,2025-01-17T00:00:00,fhrs_5_en-gb,5,,FHRS,-0.0737223,51.5667128,0.0,0.0,0.0,Morrisons,morrisons,"47-49 STAMFORD HILL, Hackney, N16 5SR",AUTO_INCLUDE,Full-format Morrisons supermarket
,129 Stamford Hill London,Hackney,London,Lidl Great Britain Limited,Retailers - supermarkets/hypermarkets,7840,0,,1920744,231b02ef,512,technicalbusinesssupport@hackney.gov.uk,Hackney,https://hackney.gov.uk/environmental-health#food,False,,N16 5TW,2026-05-26T00:00:00,fhrs_5_en-gb,5,,FHRS,-0.0730597,51.5731766,5.0,5.0,5.0,Lidl,lidl great britain limited,"129 Stamford Hill London, Hackney, N16 5TW",AUTO_INCLUDE,Lidl supermarket with established bakery provision
Unit 1 - The Links,West 12 Shopping Centre,Shepherd's Bush Green,London,Lidl UK,Retailers - supermarkets/hypermarkets,7840,0,,1055884,2018/00210/COMB,513,foodandsafety@lbhf.gov.uk,Hammersmith and Fulham,http://www.lbhf.gov.uk,False,,W12 8PP,2023-09-26T00:00:00,fhrs_5_en-gb,5,,FHRS,-0.218805998563766,51.5037727355957,0.0,5.0,0.0,Lidl,lidl uk,"Unit 1 - The Links, West 12 Shopping Centre, Shepherd's Bush Green, W12 8PP",AUTO_INCLUDE,Lidl supermarket with established bakery provision
1 Kings Mall,King Street,London,,Lidl,Retailers - supermarkets/hypermarkets,7840,0,,1334503,2021/00094/COMB,513,foodandsafety@lbhf.gov.uk,Hammersmith and Fulham,http://www.lbhf.gov.uk,False,,W6 0PZ,2021-09-29T00:00:00,fhrs_5_en-gb,5,,FHRS,-0.227533,51.493113,0.0,0.0,0.0,Lidl,lidl,"1 Kings Mall, King Street, London, W6 0PZ",AUTO_INCLUDE,Lidl supermarket with established bakery provision
254 - 258 North End Road,London,,,Lidl Great Britain Limited,Retailers - supermarkets/hypermarkets,7840,0,,1750283,2024/00266/COMB,513,foodandsafety@lbhf.gov.uk,Hammersmith and Fulham,http://www.lbhf.gov.uk,False,,SW6 1NJ,2024-11-12T00:00:00,fhrs_5_en-gb,5,,FHRS,-0.201845,51.484063,0.0,0.0,0.0,Lidl,lidl great britain limited,"254 - 258 North End Road, London, SW6 1NJ",AUTO_INCLUDE,Lidl supermarket with established bakery provision
Unit 4b,Tottenham Hale Retail Park,Broad Lane,Tottenham,Lidl,Retailers - supermarkets/hypermarkets,7840,0,,422069,PI/000047790,514,frontline@haringey.gov.uk,Haringey,http://www.haringey.gov.uk,False,,N15 4QD,2026-06-13T00:00:00,fhrs_5_en-gb,5,,FHRS,-0.0608607,51.58686,5.0,5.0,5.0,Lidl,lidl,"Unit 4b, Tottenham Hale Retail Park, Broad Lane, N15 4QD",AUTO_INCLUDE,Lidl supermarket with established bakery provision
Supermarket,199-201 High Road,Wood Green,London,Wm Morrison Supermarkets Limited,Retailers - supermarkets/hypermarkets,7840,0,,422952,PI/000129746,514,frontline@haringey.gov.uk,Haringey,http://www.haringey.gov.uk,False,,N22 6DR,2026-06-16T00:00:00,fhrs_5_en-gb,5,,FHRS,-0.11018,51.59697,0.0,5.0,5.0,Morrisons,wm morrison supermarkets limited,"Supermarket, 199-201 High Road, Wood Green, N22 6DR",AUTO_INCLUDE,Full-format Morrisons supermarket
Units 7-8,88-96 High Road,Wood Green,London,Lidl,Retailers - supermarkets/hypermarkets,7840,0,,422998,PI/000130676,514,frontline@haringey.gov.uk,Haringey,http://www.haringey.gov.uk,False,,N22 6HE,2025-11-22T00:00:00,fhrs_5_en-gb,5,,FHRS,-0.1075586,51.5941696,0.0,0.0,0.0,Lidl,lidl,"Units 7-8, 88-96 High Road, Wood Green, N22 6HE",AUTO_INCLUDE,Lidl supermarket with established bakery provision
269-271 Seven Sisters Road,Hornsey,London,,Lidl,Retailers - supermarkets/hypermarkets,7840,0,,423386,PI/000141120,514,frontline@haringey.gov.uk,Haringey,http://www.haringey.gov.uk,False,,N4 2DE,2018-02-08T00:00:00,fhrs_5_en-gb,5,,FHRS,-0.104943,51.565295,0.0,0.0,0.0,Lidl,lidl,"269-271 Seven Sisters Road, Hornsey, London, N4 2DE",AUTO_INCLUDE,Lidl supermarket with established bakery provision
333-337 West Green Road,Tottenham,London,,Sainsbury's Supermarket,Retailers - supermarkets/hypermarkets,7840,0,,502557,PI/000143791,514,frontline@haringey.gov.uk,Haringey,http://www.haringey.gov.uk,False,,N15 3PB,2025-01-31T00:00:00,fhrs_5_en-gb,5,,FHRS,-0.092221,51.58588,5.0,0.0,5.0,Sainsbury's,sainsbury's supermarket,"333-337 West Green Road, Tottenham, London, N15 3PB",AUTO_INCLUDE,Large Sainsbury's supermarket format
Unit 4 Hollywood Green,180 High Road,Wood Green,London,Sainsbury's Supermarket,Retailers - supermarkets/hypermarkets,7840,0,,594223,PI/000136129,514,frontline@haringey.gov.uk,Haringey,http://www.haringey.gov.uk,False,,N22 6EJ,2025-09-18T00:00:00,fhrs_5_en-gb,5,,FHRS,-0.108721,51.596983,0.0,0.0,0.0,Sainsbury's,sainsbury's supermarket,"Unit 4 Hollywood Green, 180 High Road, Wood Green, N22 6EJ",AUTO_INCLUDE,Large Sainsbury's supermarket format
80-82 The Broadway,Stanmore,,,Lidl,Retailers - supermarkets/hypermarkets,7840,0,,276834,PI/000083777,515,envhealth@harrow.gov.uk,Harrow,http://www.harrow.gov.uk,False,,HA7 4DU,2025-11-08T00:00:00,fhrs_5_en-gb,5,,FHRS,-0.309168,51.618007,0.0,5.0,0.0,Lidl,lidl,"80-82 The Broadway, Stanmore, HA7 4DU",AUTO_INCLUDE,Lidl supermarket with established bakery provision
Station Road,Harrow,,,Tesco Superstore,Retailers - supermarkets/hypermarkets,7840,0,,276928,PI/000087172,515,envhealth@harrow.gov.uk,Harrow,http://www.harrow.gov.uk,False,,HA1 2TU,2023-11-13T00:00:00,fhrs_5_en-gb,5,,FHRS,-0.332626,51.586475,5.0,5.0,5.0,Tesco,tesco superstore,"Station Road, Harrow, HA1 2TU",AUTO_INCLUDE,Large Tesco supermarket format
69 Bridge Street,Pinner,,,Lidl,Retailers - supermarkets/hypermarkets,7840,0,,276932,PI/000087256,515,envhealth@harrow.gov.uk,Harrow,http://www.harrow.gov.uk,False,,HA5 3HZ,2026-04-14T00:00:00,fhrs_5_en-gb,5,,FHRS,-0.385277,51.595241,0.0,0.0,0.0,Lidl,lidl,"69 Bridge Street, Pinner, HA5 3HZ",AUTO_INCLUDE,Lidl supermarket with established bakery provision
51-55 High Street,Edgware,,,Lidl,Retailers - supermarkets/hypermarkets,7840,0,,276960,PI/000088346,515,envhealth@harrow.gov.uk,Harrow,http://www.harrow.gov.uk,False,,HA8 7DD,2026-05-06T00:00:00,fhrs_5_en-gb,5,,FHRS,-0.2786918,51.6097645,0.0,0.0,0.0,Lidl,lidl,"51-55 High Street, Edgware, HA8 7DD",AUTO_INCLUDE,Lidl supermarket with established bakery provision
Unit 1 Trident Point,19 Pinner Road,,,Morrisons,Retailers - supermarkets/hypermarkets,7840,0,,471049,PI/000104243,515,envhealth@harrow.gov.uk,Harrow,http://www.harrow.gov.uk,False,,HA1 4FR,2025-07-02T00:00:00,fhrs_5_en-gb,5,,FHRS,-0.3427626,51.5804964,5.0,5.0,0.0,Morrisons,morrisons,"Unit 1 Trident Point, 19 Pinner Road, HA1 4FR",AUTO_INCLUDE,Full-format Morrisons supermarket
354 High Road,Harrow,,,Lidl,Retailers - supermarkets/hypermarkets,7840,0,,1265278,PI/000110993,515,envhealth@harrow.gov.uk,Harrow,http://www.harrow.gov.uk,False,,HA3 6HF,2025-07-07T00:00:00,fhrs_5_en-gb,5,,FHRS,-0.3392524,51.606489,5.0,5.0,5.0,Lidl,lidl,"354 High Road, Harrow, HA3 6HF",AUTO_INCLUDE,Lidl supermarket with established bakery provision
St Anns Shopping Centre St Anns Road,Harrow,,,Lidl,Retailers - supermarkets/hypermarkets,7840,0,,1918011,PI/000109249,515,envhealth@harrow.gov.uk,Harrow,http://www.harrow.gov.uk,False,,HA1 1AS,2026-02-13T00:00:00,fhrs_5_en-gb,5,,FHRS,-0.3369223,51.5813398,0.0,0.0,0.0,Lidl,lidl,"St Anns Shopping Centre St Anns Road, Harrow, HA1 1AS",AUTO_INCLUDE,Lidl supermarket with established bakery provision
300 Hornchurch Road,Hornchurch,,,Tesco Extra,Retailers - supermarkets/hypermarkets,7840,0,,372482,10371,516,environmental.health@havering.gov.uk,Havering,http://www.havering.gov.uk,False,,RM11 1PY,2026-06-01T00:00:00,fhrs_5_en-gb,5,,FHRS,0.191976,51.565646,0.0,0.0,0.0,Tesco,tesco extra,"300 Hornchurch Road, Hornchurch, RM11 1PY",AUTO_INCLUDE,Large Tesco supermarket format
Airfield Way,Hornchurch,,,Tesco Superstore,Retailers - supermarkets/hypermarkets,7840,0,,373841,8012,516,environmental.health@havering.gov.uk,Havering,http://www.havering.gov.uk,False,,RM12 5AF,2025-11-20T00:00:00,fhrs_5_en-gb,5,,FHRS,0.208247,51.543794,0.0,5.0,0.0,Tesco,tesco superstore,"Airfield Way, Hornchurch, RM12 5AF",AUTO_INCLUDE,Large Tesco supermarket format
Bryant Avenue,Romford,,,Tesco Extra,Retailers - supermarkets/hypermarkets,7840,0,,373844,8023,516,environmental.health@havering.gov.uk,Havering,http://www.havering.gov.uk,False,,RM3 0LL,2024-12-09T00:00:00,fhrs_5_en-gb,5,,FHRS,0.218437,51.593746,0.0,5.0,5.0,Tesco,tesco extra,"Bryant Avenue, Romford, RM3 0LL",AUTO_INCLUDE,Large Tesco supermarket format
Bridge Road,Rainham,,,Tesco Extra,Retailers - supermarkets/hypermarkets,7840,0,,373937,8947,516,environmental.health@havering.gov.uk,Havering,http://www.havering.gov.uk,False,,RM13 9YZ,2024-09-26T00:00:00,fhrs_5_en-gb,5,,FHRS,0.19067,51.520157,0.0,0.0,0.0,Tesco,tesco extra,"Bridge Road, Rainham, RM13 9YZ",AUTO_INCLUDE,Large Tesco supermarket format
31 High Street,Hornchurch,,,Lidl,Retailers - supermarkets/hypermarkets,7840,0,,1040946,132793,516,environmental.health@havering.gov.uk,Havering,http://www.havering.gov.uk,False,,RM11 1TP,2024-02-22T00:00:00,fhrs_5_en-gb,5,,FHRS,0.215309,51.563274,0.0,0.0,5.0,Lidl,lidl,"31 High Street, Hornchurch, RM11 1TP",AUTO_INCLUDE,Lidl supermarket with established bakery provision
131-133 Gooshays Drive,Romford,,,Lidl,Retailers - supermarkets/hypermarkets,7840,0,,1089756,136924,516,environmental.health@havering.gov.uk,Havering,http://www.havering.gov.uk,False,,RM3 8AE,2024-02-22T00:00:00,fhrs_5_en-gb,5,,FHRS,0.2242826,51.6057514,0.0,0.0,5.0,Lidl,lidl,"131-133 Gooshays Drive, Romford, RM3 8AE",AUTO_INCLUDE,Lidl supermarket with established bakery provision
Atlanta Boulevard,Romford,,,Lidl,Retailers - supermarkets/hypermarkets,7840,0,,1137802,137279,516,environmental.health@havering.gov.uk,Havering,http://www.havering.gov.uk,False,,RM1 1TB,2024-02-22T00:00:00,fhrs_5_en-gb,5,,FHRS,0.18289,51.574169,0.0,0.0,5.0,Lidl,lidl,"Atlanta Boulevard, Romford, RM1 1TB",AUTO_INCLUDE,Lidl supermarket with established bakery provision
,482 Uxbridge Road,,Hayes,Lidl,Retailers - supermarkets/hypermarkets,7840,0,,518875,40950,517,foodhealthandsafety@hillingdon.gov.uk,Hillingdon,http://www.hillingdon.gov.uk/foodsafety,False,,UB4 0SD,2023-10-18T00:00:00,fhrs_5_en-gb,5,,FHRS,-0.408694,51.518381,0.0,0.0,0.0,Lidl,lidl,"482 Uxbridge Road, UB4 0SD",AUTO_INCLUDE,Lidl supermarket with established bakery provision
Lidl UK GmbH,137 Cowley Road,,Uxbridge,Lidl,Retailers - supermarkets/hypermarkets,7840,0,,696931,46568,517,foodhealthandsafety@hillingdon.gov.uk,Hillingdon,http://www.hillingdon.gov.uk/foodsafety,False,,UB8 2AG,2014-08-22T00:00:00,fhrs_5_en-gb,5,,FHRS,-0.482765,51.534793,5.0,5.0,5.0,Lidl,lidl,"Lidl UK GmbH, 137 Cowley Road, UB8 2AG",AUTO_INCLUDE,Lidl supermarket with established bakery provision
,1 Central Avenue,,Hayes,Lidl,Retailers - supermarkets/hypermarkets,7840,0,,1030146,44757,517,foodhealthandsafety@hillingdon.gov.uk,Hillingdon,http://www.hillingdon.gov.uk/foodsafety,False,,UB3 2BN,2024-02-15T00:00:00,fhrs_5_en-gb,5,,FHRS,-0.41873899102211,51.5101089477539,0.0,0.0,0.0,Lidl,lidl,"1 Central Avenue, UB3 2BN",AUTO_INCLUDE,Lidl supermarket with established bakery provision
Lidl,Victoria Road,,Ruislip,Lidl,Retailers - supermarkets/hypermarkets,7840,0,,1066295,149191,517,foodhealthandsafety@hillingdon.gov.uk,Hillingdon,http://www.hillingdon.gov.uk/foodsafety,False,,HA4 0QQ,2018-06-11T00:00:00,fhrs_5_en-gb,5,,FHRS,-0.397377997636795,51.5582618713379,5.0,5.0,5.0,Lidl,lidl,"Lidl, Victoria Road, HA4 0QQ",AUTO_INCLUDE,Lidl supermarket with established bakery provision
Unit 212 - 213 Intu Uxbridge The Chimes Shopping Centre,High Street,,Uxbridge,Lidl,Retailers - supermarkets/hypermarkets,7840,0,,1436921,149226,517,foodhealthandsafety@hillingdon.gov.uk,Hillingdon,http://www.hillingdon.gov.uk/foodsafety,False,,UB8 1GA,2022-03-29T00:00:00,fhrs_5_en-gb,5,,FHRS,-0.4764721,51.5456743,0.0,0.0,0.0,Lidl,lidl,"Unit 212 - 213 Intu Uxbridge The Chimes Shopping Centre, High Street, UB8 1GA",AUTO_INCLUDE,Lidl supermarket with established bakery provision
Tesco,Mogden Lane,Isleworth,,Tesco Stores Ltd (Main Store),Retailers - supermarkets/hypermarkets,7840,0,,490225,15,518,foodsafety@hounslow.gov.uk,Hounslow,http://www.hounslow.gov.uk,False,,TW7 7JY,2022-08-11T00:00:00,fhrs_5_en-gb,5,,FHRS,-0.3374143,51.459046,5.0,5.0,0.0,Tesco,tesco stores ltd (main store),"Tesco, Mogden Lane, Isleworth, TW7 7JY",AUTO_INCLUDE,Large Tesco supermarket format
,228-246 High Street,Brentford,,Lidl,Retailers - supermarkets/hypermarkets,7840,0,,490310,2,518,foodsafety@hounslow.gov.uk,Hounslow,http://www.hounslow.gov.uk,False,,TW8 0JG,2025-09-02T00:00:00,fhrs_5_en-gb,5,,FHRS,-0.3056881,51.4838917,0.0,0.0,0.0,Lidl,lidl,"228-246 High Street, Brentford, TW8 0JG",AUTO_INCLUDE,Lidl supermarket with established bakery provision
Unit 1 Ivybridge Retail Park,Twickenham Road,Isleworth,,Lidl,Retailers - supermarkets/hypermarkets,7840,0,,490556,29234,518,foodsafety@hounslow.gov.uk,Hounslow,http://www.hounslow.gov.uk,False,,TW7 7DY,2024-05-03T00:00:00,fhrs_5_en-gb,5,,FHRS,-0.3320124,51.4596248,0.0,0.0,0.0,Lidl,lidl,"Unit 1 Ivybridge Retail Park, Twickenham Road, Isleworth, TW7 7DY",AUTO_INCLUDE,Lidl supermarket with established bakery provision
,98 High Street,Feltham,,Tesco Stores Ltd (Main Store),Retailers - supermarkets/hypermarkets,7840,0,,490752,4,518,foodsafety@hounslow.gov.uk,Hounslow,http://www.hounslow.gov.uk,False,,TW13 4EX,2024-04-05T00:00:00,fhrs_5_en-gb,5,,FHRS,-0.4131914,51.4437951,0.0,0.0,0.0,Tesco,tesco stores ltd (main store),"98 High Street, Feltham, TW13 4EX",AUTO_INCLUDE,Large Tesco supermarket format
Unit 5 Bullsbridge Industrial Estate,Hayes Road,Southall,,Tesco Stores Ltd (Main Store),Retailers - supermarkets/hypermarkets,7840,0,,490935,6112,518,foodsafety@hounslow.gov.uk,Hounslow,http://www.hounslow.gov.uk,False,,UB2 5LN,2022-08-19T00:00:00,fhrs_5_en-gb,5,,FHRS,-0.4043454,51.4983704,0.0,0.0,0.0,Tesco,tesco stores ltd (main store),"Unit 5 Bullsbridge Industrial Estate, Hayes Road, Southall, UB2 5LN",AUTO_INCLUDE,Large Tesco supermarket format
Tesco Extra,Syon Lane,Isleworth,,Tesco Stores Ltd (Main Store),Retailers - supermarkets/hypermarkets,7840,0,,491129,7996,518,foodsafety@hounslow.gov.uk,Hounslow,http://www.hounslow.gov.uk,False,,TW7 5NZ,2022-07-22T00:00:00,fhrs_5_en-gb,5,,FHRS,,,0.0,0.0,0.0,Tesco,tesco stores ltd (main store),"Tesco Extra, Syon Lane, Isleworth, TW7 5NZ",AUTO_INCLUDE,Large Tesco supermarket format
Tesco Superstore,Dukes Green Avenue,Feltham,,Tesco Stores Ltd (Main Store),Retailers - supermarkets/hypermarkets,7840,0,,491206,8986,518,foodsafety@hounslow.gov.uk,Hounslow,http://www.hounslow.gov.uk,False,,TW14 0LT,2025-06-27T00:00:00,fhrs_5_en-gb,5,,FHRS,-0.415068000555038,51.4593086242676,0.0,0.0,0.0,Tesco,tesco stores ltd (main store),"Tesco Superstore, Dukes Green Avenue, Feltham, TW14 0LT",AUTO_INCLUDE,Large Tesco supermarket format
Lidl Uk Gmbh,New Road,Feltham,,Lidl,Retailers - supermarkets/hypermarkets,7840,0,,491304,9765,518,foodsafety@hounslow.gov.uk,Hounslow,http://www.hounslow.gov.uk,False,,TW14 9BG,2022-08-16T00:00:00,fhrs_5_en-gb,5,,FHRS,-0.40930500626564,51.4486923217773,5.0,5.0,0.0,Lidl,lidl,"Lidl Uk Gmbh, New Road, Feltham, TW14 9BG",AUTO_INCLUDE,Lidl supermarket with established bakery provision
Halfords Unit A,Hospital Road,Hounslow,,Lidl Great Britain Limited,Retailers - supermarkets/hypermarkets,7840,0,,621547,8520,518,foodsafety@hounslow.gov.uk,Hounslow,http://www.hounslow.gov.uk,False,,TW3 3HY,1901-01-01T00:00:00,fhrs_awaitinginspection_en-gb,AwaitingInspection,,FHRS,-0.371109008789062,51.4677429199219,,,,Lidl,lidl great britain limited,"Halfords Unit A, Hospital Road, Hounslow, TW3 3HY",AUTO_INCLUDE,Lidl supermarket with established bakery provision
Unit B,Hospital Road,Hounslow,,Lidl,Retailers - supermarkets/hypermarkets,7840,0,,1517878,162741,518,foodsafety@hounslow.gov.uk,Hounslow,http://www.hounslow.gov.uk,False,,TW3 3HY,2025-01-27T00:00:00,fhrs_5_en-gb,5,,FHRS,-0.3707858,51.4677822,5.0,5.0,5.0,Lidl,lidl,"Unit B, Hospital Road, Hounslow, TW3 3HY",AUTO_INCLUDE,Lidl supermarket with established bakery provision
,5 Bulls Bridge Industrial Estate,Hayes Road,,Lidl,Retailers - supermarkets/hypermarkets,7840,0,,1545261,171010,518,foodsafety@hounslow.gov.uk,Hounslow,http://www.hounslow.gov.uk,False,,UB2 5LN,2025-03-18T00:00:00,fhrs_5_en-gb,5,,FHRS,-0.4054625,51.4990382,5.0,5.0,5.0,Lidl,lidl,"5 Bulls Bridge Industrial Estate, Hayes Road, UB2 5LN",AUTO_INCLUDE,Lidl supermarket with established bakery provision
Land behind,128 High Street,Brentford,,Wm Morrisons Supermarket Limited,Retailers - supermarkets/hypermarkets,7840,0,,1583269,171100,518,foodsafety@hounslow.gov.uk,Hounslow,http://www.hounslow.gov.uk,False,,TW8 8EW,2026-07-08T00:00:00,fhrs_5_en-gb,5,,FHRS,-0.3090989,51.4827152,0.0,0.0,0.0,Morrisons,wm morrisons supermarket limited,"Land behind, 128 High Street, Brentford, TW8 8EW",AUTO_INCLUDE,Full-format Morrisons supermarket
Morrisons,10 Hertslet Road,London,N7 6PL,Morrisons,Retailers - supermarkets/hypermarkets,7840,0,,416027,PI/000004797,519,Commercial.Envh@islington.gov.uk,Islington,http://www.islington.gov.uk,False,,N7 6PL,2025-10-15T00:00:00,fhrs_5_en-gb,5,,FHRS,-0.1166953,51.5571957,0.0,5.0,0.0,Morrisons,morrisons,"Morrisons, 10 Hertslet Road, London, N7 6PL",AUTO_INCLUDE,Full-format Morrisons supermarket
Lidl,422-434 Holloway Road,London,N7 6QA,Lidl,Retailers - supermarkets/hypermarkets,7840,0,,1255910,PI/000286286,519,Commercial.Envh@islington.gov.uk,Islington,http://www.islington.gov.uk,False,,N7 6QA,2026-03-16T00:00:00,fhrs_5_en-gb,5,,FHRS,-0.1182327,51.5573463,0.0,0.0,0.0,Lidl,lidl,"Lidl, 422-434 Holloway Road, London, N7 6QA",AUTO_INCLUDE,Lidl supermarket with established bakery provision
Lidl,Ground Floor reception Arts Building,2-10 Morris Place,London,Lidl,Retailers - supermarkets/hypermarkets,7840,0,,1403339,PI/000287257,519,Commercial.Envh@islington.gov.uk,Islington,http://www.islington.gov.uk,False,,N4 3JG,2026-03-16T00:00:00,fhrs_5_en-gb,5,,FHRS,-0.1077119,51.5661425,5.0,0.0,0.0,Lidl,lidl,"Lidl, Ground Floor reception Arts Building, 2-10 Morris Place, N4 3JG",AUTO_INCLUDE,Lidl supermarket with established bakery provision
35 Lots Road,LONDON,,,Sainsburys Supermarket,Retailers - supermarkets/hypermarkets,7840,0,,1947594,INSPF/26/371548,520,food.hygiene@rbkc.gov.uk,Kensington and Chelsea,http://www.rbkc.gov.uk,False,,SW10 0QH,1901-01-01T00:00:00,fhrs_awaitinginspection_en-gb,AwaitingInspection,,FHRS,-0.1808728,51.4783996,,,,Sainsbury's,sainsburys supermarket,"35 Lots Road, LONDON, SW10 0QH",AUTO_INCLUDE,Large Sainsbury's supermarket format
31-35 Blagdon Road,New Malden,,,Lidl UK GMBH,Retailers - supermarkets/hypermarkets,7840,0,,1385257,07/07793/RBK,521,food.safety@kingston.gov.uk,Kingston-Upon-Thames,http://www.kingston.gov.uk,False,,KT3 4AH,2026-01-20T00:00:00,fhrs_5_en-gb,5,,FHRS,-0.2538214,51.4002894,5.0,5.0,0.0,Lidl,lidl uk gmbh,"31-35 Blagdon Road, New Malden, KT3 4AH",AUTO_INCLUDE,Lidl supermarket with established bakery provision
64 Gordon Road,Kingston Upon Thames,,,Lidl Great Britain Limited,Retailers - supermarkets/hypermarkets,7840,0,,1583159,23/00012/COM,521,food.safety@kingston.gov.uk,Kingston-Upon-Thames,http://www.kingston.gov.uk,False,,KT2 6FN,2025-04-11T00:00:00,fhrs_5_en-gb,5,,FHRS,-0.2905221,51.4126037,0.0,5.0,5.0,Lidl,lidl great britain limited,"64 Gordon Road, Kingston Upon Thames, KT2 6FN",AUTO_INCLUDE,Lidl supermarket with established bakery provision
64 Leatherhead Road,Chessington,,,Lidl Great Britain Limited,Retailers - supermarkets/hypermarkets,7840,0,,1783143,24/00509/COM,521,food.safety@kingston.gov.uk,Kingston-Upon-Thames,http://www.kingston.gov.uk,False,,KT9 2HY,2025-02-14T00:00:00,fhrs_5_en-gb,5,,FHRS,-0.3102794,51.3606874,5.0,5.0,5.0,Lidl,lidl great britain limited,"64 Leatherhead Road, Chessington, KT9 2HY",AUTO_INCLUDE,Lidl supermarket with established bakery provision
Lidl Store,71 - 73 Acre Lane,London,,Lidl,Retailers - supermarkets/hypermarkets,7840,0,,483068,05/00179/COMM,522,foodhealthandsafety@lambeth.gov.uk,Lambeth,http://www.lambeth.gov.uk,False,,SW2 5TN,2026-02-19T00:00:00,fhrs_5_en-gb,5,,FHRS,-0.123265,51.459451,0.0,0.0,5.0,Lidl,lidl,"Lidl Store, 71 - 73 Acre Lane, London, SW2 5TN",AUTO_INCLUDE,Lidl supermarket with established bakery provision
222 - 224 Streatham High Road,London,,,Lidl,Retailers - supermarkets/hypermarkets,7840,0,,483334,07/00071/COMM,522,foodhealthandsafety@lambeth.gov.uk,Lambeth,http://www.lambeth.gov.uk,False,,SW16 1BB,2026-06-16T00:00:00,fhrs_5_en-gb,5,,FHRS,-0.129792,51.431472,5.0,5.0,5.0,Lidl,lidl,"222 - 224 Streatham High Road, London, SW16 1BB",AUTO_INCLUDE,Lidl supermarket with established bakery provision
189 Clapham Road,London,,,Lidl,Retailers - supermarkets/hypermarkets,7840,0,,830139,13/00250/COMM,522,foodhealthandsafety@lambeth.gov.uk,Lambeth,http://www.lambeth.gov.uk,False,,SW9 0QE,2026-03-21T00:00:00,fhrs_5_en-gb,5,,FHRS,-0.120244,51.473395,0.0,0.0,0.0,Lidl,lidl,"189 Clapham Road, London, SW9 0QE",AUTO_INCLUDE,Lidl supermarket with established bakery provision
Lidl,0 Bestwood Street,London,,LIDL,Retailers - supermarkets/hypermarkets,7840,0,,1598695,FR/000001775,523,environmentalhealth@lewisham.gov.uk,Lewisham,http://www.lewisham.gov.uk/myservices/business/food-safety/Pages/default.aspx,False,,SE8 5AB,2026-05-02T00:00:00,fhrs_5_en-gb,5,,FHRS,,,0.0,0.0,0.0,Lidl,lidl,"Lidl, 0 Bestwood Street, London, SE8 5AB",AUTO_INCLUDE,Lidl supermarket with established bakery provision
Unit,2B Catford Island,Plassy Road,London,Lidl,Retailers - supermarkets/hypermarkets,7840,0,,1598757,FR/000002562,523,environmentalhealth@lewisham.gov.uk,Lewisham,http://www.lewisham.gov.uk/myservices/business/food-safety/Pages/default.aspx,False,,SE6 2DD,2025-10-29T00:00:00,fhrs_5_en-gb,5,,FHRS,-0.0188911,51.4444688,0.0,0.0,0.0,Lidl,lidl,"Unit, 2B Catford Island, Plassy Road, SE6 2DD",AUTO_INCLUDE,Lidl supermarket with established bakery provision
Lidl,106-112 Sydenham Road,London,,Lidl UK Gmbh,Retailers - supermarkets/hypermarkets,7840,0,,1598792,FR/000002825,523,environmentalhealth@lewisham.gov.uk,Lewisham,http://www.lewisham.gov.uk/myservices/business/food-safety/Pages/default.aspx,False,,SE26 5JX,2023-12-08T00:00:00,fhrs_4_en-gb,4,,FHRS,-0.0481187,51.4252197,5.0,10.0,5.0,Lidl,lidl uk gmbh,"Lidl, 106-112 Sydenham Road, London, SE26 5JX",AUTO_INCLUDE,Lidl supermarket with established bakery provision
104-120 Lee High Road,London,,,Lidl,Retailers - supermarkets/hypermarkets,7840,0,,1599197,FR/000005619,523,environmentalhealth@lewisham.gov.uk,Lewisham,http://www.lewisham.gov.uk/myservices/business/food-safety/Pages/default.aspx,False,,SE13 5PR,2026-05-01T00:00:00,fhrs_5_en-gb,5,,FHRS,-0.0054407,51.4605448,0.0,0.0,0.0,Lidl,lidl,"104-120 Lee High Road, London, SE13 5PR",AUTO_INCLUDE,Lidl supermarket with established bakery provision
Sainsbury's,Ground Floor Unit,33-35 Lewisham Way,London,Sainsbury's Supermarket Ltd,Retailers - supermarkets/hypermarkets,7840,0,,1599250,FR/000005954,523,environmentalhealth@lewisham.gov.uk,Lewisham,http://www.lewisham.gov.uk/myservices/business/food-safety/Pages/default.aspx,False,,SE14 6PP,2026-03-19T00:00:00,fhrs_5_en-gb,5,,FHRS,-0.0347715,51.4751231,0.0,0.0,0.0,Sainsbury's,sainsbury's supermarket ltd,"Sainsbury's, Ground Floor Unit, 33-35 Lewisham Way, SE14 6PP",AUTO_INCLUDE,Large Sainsbury's supermarket format
Lidl,0 Bestwood Street,London,,Lidl UK GMBH,Retailers - supermarkets/hypermarkets,7840,0,,1599551,FR/000007331,523,environmentalhealth@lewisham.gov.uk,Lewisham,http://www.lewisham.gov.uk/myservices/business/food-safety/Pages/default.aspx,False,,SE8 5AB,2026-05-02T00:00:00,fhrs_5_en-gb,5,,FHRS,,,0.0,0.0,0.0,Lidl,lidl uk gmbh,"Lidl, 0 Bestwood Street, London, SE8 5AB",AUTO_INCLUDE,Lidl supermarket with established bakery provision
159 Bestwood Street,London,,,Lidl,Retailers - supermarkets/hypermarkets,7840,0,,1704532,FR/000010719,523,environmentalhealth@lewisham.gov.uk,Lewisham,http://www.lewisham.gov.uk/myservices/business/food-safety/Pages/default.aspx,False,,SE8 5AW,2026-02-06T00:00:00,fhrs_5_en-gb,5,,FHRS,-0.0439521,51.4897462,0.0,5.0,5.0,Lidl,lidl,"159 Bestwood Street, London, SE8 5AW",AUTO_INCLUDE,Lidl supermarket with established bakery provision
Supermarket 51 The Broadway,,Wimbledon,Merton,W M Morrisons Supermarket Limited,Retailers - supermarkets/hypermarkets,7840,0,,455478,PI/000086376,524,foodandsafety@merton.gov.uk,Merton,http://www.merton.gov.uk,False,,SW19 1QD,2025-09-12T00:00:00,fhrs_5_en-gb,5,,FHRS,-0.2043372,51.4195708,0.0,0.0,0.0,Morrisons,w m morrisons supermarket limited,"Supermarket 51 The Broadway, Wimbledon, SW19 1QD",AUTO_INCLUDE,Full-format Morrisons supermarket
216 Rowan Road,Streatham,London,Merton,Lidl,Retailers - supermarkets/hypermarkets,7840,0,,578964,PI/000058343,524,foodandsafety@merton.gov.uk,Merton,http://www.merton.gov.uk,False,,SW16 5HX,2024-07-05T00:00:00,fhrs_5_en-gb,5,,FHRS,-0.1389692,51.4112076,5.0,0.0,0.0,Lidl,lidl,"216 Rowan Road, Streatham, London, SW16 5HX",AUTO_INCLUDE,Lidl supermarket with established bakery provision
29 - 31 Aberconway Road,,Morden,Merton,Lidl,Retailers - supermarkets/hypermarkets,7840,0,,578966,PI/000075221,524,foodandsafety@merton.gov.uk,Merton,http://www.merton.gov.uk,False,,SM4 5LN,2025-11-25T00:00:00,fhrs_5_en-gb,5,,FHRS,-0.1936931,51.401401,,,,Lidl,lidl,"29 - 31 Aberconway Road, Morden, SM4 5LN",AUTO_INCLUDE,Lidl supermarket with established bakery provision
14 London Road,,Tooting,Merton,Lidl,Retailers - supermarkets/hypermarkets,7840,0,,578970,PI/000078780,524,foodandsafety@merton.gov.uk,Merton,http://www.merton.gov.uk,False,,SW17 9HW,2026-04-30T00:00:00,fhrs_5_en-gb,5,,FHRS,-0.1637975,51.4196781,0.0,0.0,0.0,Lidl,lidl,"14 London Road, Tooting, SW17 9HW",AUTO_INCLUDE,Lidl supermarket with established bakery provision
Supermarket 9 - 17 Western Road,,Mitcham,Merton,Lidl,Retailers - supermarkets/hypermarkets,7840,0,,669658,PI/000094974,524,foodandsafety@merton.gov.uk,Merton,http://www.merton.gov.uk,False,,CR4 3ED,2023-10-24T00:00:00,fhrs_5_en-gb,5,,FHRS,-0.1661896,51.4058457,0.0,0.0,0.0,Lidl,lidl,"Supermarket 9 - 17 Western Road, Mitcham, CR4 3ED",AUTO_INCLUDE,Lidl supermarket with established bakery provision
Unit 1 Plough Lane Retail Park Plough Lane,,Summerstown,Merton,Lidl,Retailers - supermarkets/hypermarkets,7840,0,,1022850,PI/000112302,524,foodandsafety@merton.gov.uk,Merton,http://www.merton.gov.uk,False,,SW17 0BW,2024-02-06T00:00:00,fhrs_5_en-gb,5,,FHRS,-0.1843957,51.430985,0.0,0.0,5.0,Lidl,lidl,"Unit 1 Plough Lane Retail Park Plough Lane, Summerstown, SW17 0BW",AUTO_INCLUDE,Lidl supermarket with established bakery provision
15 The Grove,Stratford,London,,Morrisons,Retailers - supermarkets/hypermarkets,7840,0,,641135,77640/0091/2/000,525,food@newham.gov.uk,Newham,https://www.newham.gov.uk,False,,E15 1EN,2025-01-25T00:00:00,fhrs_5_en-gb,5,,FHRS,0.0047160000540316,51.5446624755859,5.0,5.0,0.0,Morrisons,morrisons,"15 The Grove, Stratford, London, E15 1EN",AUTO_INCLUDE,Full-format Morrisons supermarket
182 - 184 High Street North,East Ham,London,,Lidl UK,Retailers - supermarkets/hypermarkets,7840,0,,747715,69050/0182/0/000,525,food@newham.gov.uk,Newham,https://www.newham.gov.uk,False,,E6 2JA,2023-12-22T00:00:00,fhrs_5_en-gb,5,,FHRS,0.051435,51.539005,0.0,5.0,0.0,Lidl,lidl uk,"182 - 184 High Street North, East Ham, London, E6 2JA",AUTO_INCLUDE,Lidl supermarket with established bakery provision
Units 41 And 42,West Mall,The Mall,Stratford,Lidl UK,Retailers - supermarkets/hypermarkets,7840,0,,864084,15/00268/FOOD,525,food@newham.gov.uk,Newham,https://www.newham.gov.uk,False,,E15 1XE,2026-06-20T00:00:00,fhrs_5_en-gb,5,,FHRS,-0.000441,51.541835,5.0,5.0,0.0,Lidl,lidl uk,"Units 41 And 42, West Mall, The Mall, E15 1XE",AUTO_INCLUDE,Lidl supermarket with established bakery provision
3 Silvertown Square,Canning Town,London,,Morrisons,Retailers - supermarkets/hypermarkets,7840,0,,919446,14/00733/FOOD,525,food@newham.gov.uk,Newham,https://www.newham.gov.uk,False,,E16 1GW,2025-04-08T00:00:00,fhrs_5_en-gb,5,,FHRS,0.0104205,51.5149212,5.0,5.0,5.0,Morrisons,morrisons,"3 Silvertown Square, Canning Town, London, E16 1GW",AUTO_INCLUDE,Full-format Morrisons supermarket
198 Tollgate Road,Beckton,London,,Lidl UK,Retailers - supermarkets/hypermarkets,7840,0,,919728,77840/2018/0/000,525,food@newham.gov.uk,Newham,https://www.newham.gov.uk,False,,E6 5YA,2025-01-28T00:00:00,fhrs_4_en-gb,4,,FHRS,0.0542229,51.515801,5.0,10.0,5.0,Lidl,lidl uk,"198 Tollgate Road, Beckton, London, E6 5YA",AUTO_INCLUDE,Lidl supermarket with established bakery provision
4 Claps Gate Lane,Beckton,London,,Lidl,Retailers - supermarkets/hypermarkets,7840,0,,1274362,20/00393/FOOD,525,food@newham.gov.uk,Newham,https://www.newham.gov.uk,False,,E6 6LG,2024-09-28T00:00:00,fhrs_5_en-gb,5,,FHRS,0.0691063,51.5207967,5.0,0.0,5.0,Lidl,lidl,"4 Claps Gate Lane, Beckton, London, E6 6LG",AUTO_INCLUDE,Lidl supermarket with established bakery provision
374 - 378 Green Street,Upton Park,London,,Lidl,Retailers - supermarkets/hypermarkets,7840,0,,1516673,22/00887/FOOD,525,food@newham.gov.uk,Newham,https://www.newham.gov.uk,False,,E13 9AP,2025-09-17T00:00:00,fhrs_5_en-gb,5,,FHRS,0.0345694,51.5359909,0.0,5.0,0.0,Lidl,lidl,"374 - 378 Green Street, Upton Park, London, E13 9AP",AUTO_INCLUDE,Lidl supermarket with established bakery provision
363 Barking Road,East Ham,London,,Lidl,Retailers - supermarkets/hypermarkets,7840,0,,1686900,23/00730/FOOD,525,food@newham.gov.uk,Newham,https://www.newham.gov.uk,False,,E6 1FG,2024-02-02T00:00:00,fhrs_5_en-gb,5,,FHRS,0.0535395,51.5331786,0.0,0.0,0.0,Lidl,lidl,"363 Barking Road, East Ham, London, E6 1FG",AUTO_INCLUDE,Lidl supermarket with established bakery provision
43 Woodgrange Road,Forest Gate,London,,Lidl Great Britain Limited,Retailers - supermarkets/hypermarkets,7840,0,,1780815,24/00723/FOOD,525,food@newham.gov.uk,Newham,https://www.newham.gov.uk,False,,E7 8BA,2025-02-07T00:00:00,fhrs_5_en-gb,5,,FHRS,0.024984,51.547676,5.0,5.0,5.0,Lidl,lidl great britain limited,"43 Woodgrange Road, Forest Gate, London, E7 8BA",AUTO_INCLUDE,Lidl supermarket with established bakery provision
19 - 23 Minnie Baldock Street,Canning Town,London,,Lidl,Retailers - supermarkets/hypermarkets,7840,0,,1795612,25/00063/FOOD,525,food@newham.gov.uk,Newham,https://www.newham.gov.uk,False,,E16 1DT,2025-04-11T00:00:00,fhrs_5_en-gb,5,,FHRS,0.0102992,51.514543,5.0,5.0,5.0,Lidl,lidl,"19 - 23 Minnie Baldock Street, Canning Town, London, E16 1DT",AUTO_INCLUDE,Lidl supermarket with established bakery provision
,261-275 High Road,,Ilford,Lidl,Retailers - supermarkets/hypermarkets,7840,0,,443451,160838,526,themis.skouros@redbridge.gov.uk,Redbridge,http://www.redbridge.gov.uk/,False,,IG1 1NJ,2026-03-26T00:00:00,fhrs_5_en-gb,5,,FHRS,0.078896,51.5606,0.0,0.0,0.0,Lidl,lidl,"261-275 High Road, IG1 1NJ",AUTO_INCLUDE,Lidl supermarket with established bakery provision
,250-260 Fencepiece Road,,Ilford,Lidl,Retailers - supermarkets/hypermarkets,7840,0,,595054,179822,526,themis.skouros@redbridge.gov.uk,Redbridge,http://www.redbridge.gov.uk/,False,,IG6 2SU,2025-02-17T00:00:00,fhrs_5_en-gb,5,,FHRS,0.084819,51.603659,5.0,5.0,5.0,Lidl,lidl,"250-260 Fencepiece Road, IG6 2SU",AUTO_INCLUDE,Lidl supermarket with established bakery provision
,155-161 High Road,,Ilford,Lidl,Retailers - supermarkets/hypermarkets,7840,0,,1684186,170400,526,themis.skouros@redbridge.gov.uk,Redbridge,http://www.redbridge.gov.uk/,False,,IG1 1DG,2025-01-21T00:00:00,fhrs_4_en-gb,4,,FHRS,0.0731868,51.5591994,10.0,5.0,5.0,Lidl,lidl,"155-161 High Road, IG1 1DG",AUTO_INCLUDE,Lidl supermarket with established bakery provision
,2 Springfield Drive,,Barkingside,Lidl Great Britain Limited,Retailers - supermarkets/hypermarkets,7840,0,,1725215,202780,526,themis.skouros@redbridge.gov.uk,Redbridge,http://www.redbridge.gov.uk/,False,,IG2 6QG,2024-10-17T00:00:00,fhrs_5_en-gb,5,,FHRS,0.0825697,51.5744512,5.0,5.0,5.0,Lidl,lidl great britain limited,"2 Springfield Drive, IG2 6QG",AUTO_INCLUDE,Lidl supermarket with established bakery provision
50 South Road,,Twickenham,Richmond Upon Thames,Lidl,Retailers - supermarkets/hypermarkets,7840,0,,1574249,PI/000423667,527,foodandsafety@merton.gov.uk,Richmond-Upon-Thames,http://www.richmond.gov.uk,False,,,2024-02-28T00:00:00,fhrs_5_en-gb,5,,FHRS,,,0.0,5.0,0.0,Lidl,lidl,"50 South Road, Twickenham",AUTO_INCLUDE,Lidl supermarket with established bakery provision
38 - 48 High Street,,Whitton,Richmond Upon Thames,Lidl,Retailers - supermarkets/hypermarkets,7840,0,,1735818,PI/000477463,527,foodandsafety@merton.gov.uk,Richmond-Upon-Thames,http://www.richmond.gov.uk,False,,TW2 7LT,2025-08-13T00:00:00,fhrs_5_en-gb,5,,FHRS,-0.3582539,51.4522215,5.0,5.0,5.0,Lidl,lidl,"38 - 48 High Street, Whitton, TW2 7LT",AUTO_INCLUDE,Lidl supermarket with established bakery provision
Morrisons Butterfly Walk,,Denmark Hill,London,Morrisons,Retailers - supermarkets/hypermarkets,7840,0,,363257,171803,528,food@southwark.gov.uk,Southwark,http://www.southwark.gov.uk/,False,,SE5 8RW,2024-11-29T00:00:00,fhrs_5_en-gb,5,,FHRS,-0.092452,51.473432,0.0,5.0,0.0,Morrisons,morrisons,"Morrisons Butterfly Walk, Denmark Hill, SE5 8RW",AUTO_INCLUDE,Full-format Morrisons supermarket
,264-276,Walworth Road,London,Morrisons,Retailers - supermarkets/hypermarkets,7840,0,,363258,171854,528,food@southwark.gov.uk,Southwark,http://www.southwark.gov.uk/,False,,SE17 2TE,2026-01-14T00:00:00,fhrs_5_en-gb,5,,FHRS,-0.095423,51.486816,0.0,5.0,0.0,Morrisons,morrisons,"264-276, Walworth Road, SE17 2TE",AUTO_INCLUDE,Full-format Morrisons supermarket
Morrisons Petrol Station The,,Rye Lane,London,Morrisons,Retailers - supermarkets/hypermarkets,7840,0,,363594,175427,528,food@southwark.gov.uk,Southwark,http://www.southwark.gov.uk/,False,,SE15 5EW,2026-03-07T00:00:00,fhrs_5_en-gb,5,,FHRS,-0.068693,51.472746,0.0,0.0,0.0,Morrisons,morrisons,"Morrisons Petrol Station The, Rye Lane, SE15 5EW",AUTO_INCLUDE,Full-format Morrisons supermarket
Morrisons The Aylesham Centre,,Rye Lane,London,Morrisons,Retailers - supermarkets/hypermarkets,7840,0,,364536,3324,528,food@southwark.gov.uk,Southwark,http://www.southwark.gov.uk/,False,,SE15 5EW,2026-01-10T00:00:00,fhrs_5_en-gb,5,,FHRS,-0.0694128,51.4723656,0.0,0.0,0.0,Morrisons,morrisons,"Morrisons The Aylesham Centre, Rye Lane, SE15 5EW",AUTO_INCLUDE,Full-format Morrisons supermarket
,96-120,Old Kent Road,London,Lidl,Retailers - supermarkets/hypermarkets,7840,0,,364625,40434,528,food@southwark.gov.uk,Southwark,http://www.southwark.gov.uk/,False,,SE1 4NY,2026-02-12T00:00:00,fhrs_5_en-gb,5,,FHRS,-0.0833675,51.4920701,0.0,0.0,0.0,Lidl,lidl,"96-120, Old Kent Road, SE1 4NY",AUTO_INCLUDE,Lidl supermarket with established bakery provision
Unit 5 Bellenden Road Retail Park,,Bellenden Road,London,Lidl,Retailers - supermarkets/hypermarkets,7840,0,,364761,48914,528,food@southwark.gov.uk,Southwark,http://www.southwark.gov.uk/,False,,SE15 5BA,2024-09-13T00:00:00,fhrs_5_en-gb,5,,FHRS,-0.070666,51.4721764,0.0,0.0,0.0,Lidl,lidl,"Unit 5 Bellenden Road Retail Park, Bellenden Road, SE15 5BA",AUTO_INCLUDE,Lidl supermarket with established bakery provision
,760,Old Kent Road,London,Lidl uk gmbh,Retailers - supermarkets/hypermarkets,7840,0,,1274660,193127,528,food@southwark.gov.uk,Southwark,http://www.southwark.gov.uk/,False,,SE15 1NJ,2026-04-23T00:00:00,fhrs_5_en-gb,5,,FHRS,-0.059212,51.480701,0.0,0.0,0.0,Lidl,lidl uk gmbh,"760, Old Kent Road, SE15 1NJ",AUTO_INCLUDE,Lidl supermarket with established bakery provision
,307-319,Walworth Road,London,Lidl,Retailers - supermarkets/hypermarkets,7840,0,,1918120,202463,528,food@southwark.gov.uk,Southwark,http://www.southwark.gov.uk/,False,,SE17 2TG,2026-03-11T00:00:00,fhrs_5_en-gb,5,,FHRS,-0.09492599,51.48685951,0.0,5.0,0.0,Lidl,lidl,"307-319, Walworth Road, SE17 2TG",AUTO_INCLUDE,Lidl supermarket with established bakery provision
,56-60,Denmark Hill,London,Lidl,Retailers - supermarkets/hypermarkets,7840,0,,1960396,197582,528,food@southwark.gov.uk,Southwark,http://www.southwark.gov.uk/,False,,SE5 8RZ,2026-02-11T00:00:00,fhrs_5_en-gb,5,,FHRS,-0.0934872,51.4727308,0.0,5.0,0.0,Lidl,lidl,"56-60, Denmark Hill, SE5 8RZ",AUTO_INCLUDE,Lidl supermarket with established bakery provision
16-18 Beddington Gardens,Wallington,,,Lidl,Retailers - supermarkets/hypermarkets,7840,0,,809156,04134/0016/0/000,529,food.safety@sutton.gov.uk,Sutton,http://www.sutton.gov.uk,False,,SM6 0HU,2024-03-12T00:00:00,fhrs_5_en-gb,5,,FHRS,-0.1507293,51.3587639,0.0,5.0,5.0,Lidl,lidl,"16-18 Beddington Gardens, Wallington, SM6 0HU",AUTO_INCLUDE,Lidl supermarket with established bakery provision
1 Spinning Wheel Way,Hackbridge,,,Lidl,Retailers - supermarkets/hypermarkets,7840,0,,1320539,21/00009/COM,529,food.safety@sutton.gov.uk,Sutton,http://www.sutton.gov.uk,False,,SM6 7DS,2024-05-01T00:00:00,fhrs_5_en-gb,5,,FHRS,-0.1552818,51.3778714,0.0,5.0,0.0,Lidl,lidl,"1 Spinning Wheel Way, Hackbridge, SM6 7DS",AUTO_INCLUDE,Lidl supermarket with established bakery provision
262-270 High Street,Sutton,,,Lidl,Retailers - supermarkets/hypermarkets,7840,0,,1389518,21/00237/COM,529,food.safety@sutton.gov.uk,Sutton,http://www.sutton.gov.uk,False,,SM1 1PG,2024-07-16T00:00:00,fhrs_5_en-gb,5,,FHRS,-0.1946276,51.3680304,0.0,5.0,5.0,Lidl,lidl,"262-270 High Street, Sutton, SM1 1PG",AUTO_INCLUDE,Lidl supermarket with established bakery provision
78 - 82 High Street,Sutton,,,Lidl,Retailers - supermarkets/hypermarkets,7840,0,,1917348,26/00086/COM,529,food.safety@sutton.gov.uk,Sutton,http://www.sutton.gov.uk,False,,SM1 1EZ,2026-03-09T00:00:00,fhrs_5_en-gb,5,,FHRS,-0.192027,51.361829,0.0,0.0,0.0,Lidl,lidl,"78 - 82 High Street, Sutton, SM1 1EZ",AUTO_INCLUDE,Lidl supermarket with established bakery provision
Lidl,306 Burdett Road,London,,Lidl,Retailers - supermarkets/hypermarkets,7840,0,,44488,10792,530,foodsafety@towerhamlets.gov.uk,Tower Hamlets,http://www.towerhamlets.gov.uk,False,,E14 7DL,2026-01-09T00:00:00,fhrs_5_en-gb,5,,FHRS,-0.028171,51.512521,0.0,0.0,0.0,Lidl,lidl,"Lidl, 306 Burdett Road, London, E14 7DL",AUTO_INCLUDE,Lidl supermarket with established bakery provision
19 Selborne Walk,,Walthamstow,London,Asda Supermarket,Retailers - supermarkets/hypermarkets,7840,0,,515002,5773,531,food.safety@walthamforest.gov.uk,Waltham Forest,http://www.walthamforest.gov.uk,False,,E17 7JR,2025-08-16T00:00:00,fhrs_3_en-gb,3,,FHRS,,,10.0,10.0,10.0,Asda,asda supermarket,"19 Selborne Walk, Walthamstow, E17 7JR",AUTO_INCLUDE,Large Asda supermarket format
6 Salisbury Hall Gardens Chingford Road,,Chingford,London,Morrison's Supermarket,Retailers - supermarkets/hypermarkets,7840,0,,515531,9094,531,food.safety@walthamforest.gov.uk,Waltham Forest,http://www.walthamforest.gov.uk,False,,E4 8SA,2025-10-07T00:00:00,fhrs_3_en-gb,3,,FHRS,-0.0172519,51.6080276,5.0,10.0,10.0,Morrisons,morrison's supermarket,"6 Salisbury Hall Gardens Chingford Road, Chingford, E4 8SA",AUTO_INCLUDE,Full-format Morrisons supermarket
43 - 49 High Street,,Walthamstow,London,Lidl,Retailers - supermarkets/hypermarkets,7840,0,,621702,8117,531,food.safety@walthamforest.gov.uk,Waltham Forest,http://www.walthamforest.gov.uk,False,,E17 7AD,2025-01-25T00:00:00,fhrs_5_en-gb,5,,FHRS,-0.03195,51.58207,0.0,5.0,0.0,Lidl,lidl,"43 - 49 High Street, Walthamstow, E17 7AD",AUTO_INCLUDE,Lidl supermarket with established bakery provision
38 Selborne Walk,,Walthamstow,London,Lidl UK,Retailers - supermarkets/hypermarkets,7840,0,,1025296,340679,531,food.safety@walthamforest.gov.uk,Waltham Forest,http://www.walthamforest.gov.uk,False,,E17 7JR,2025-01-19T00:00:00,fhrs_5_en-gb,5,,FHRS,,,0.0,0.0,0.0,Lidl,lidl uk,"38 Selborne Walk, Walthamstow, E17 7JR",AUTO_INCLUDE,Lidl supermarket with established bakery provision
141 Falcon Lane,,London,Wandsworth,Lidl,Retailers - supermarkets/hypermarkets,7840,0,,1572022,PI/000435789,532,foodandsafety@merton.gov.uk,Wandsworth,http://www.wandsworth.gov.uk,False,,SW11 2LG,2025-07-29T00:00:00,fhrs_5_en-gb,5,,FHRS,,,0.0,0.0,0.0,Lidl,lidl,"141 Falcon Lane, London, SW11 2LG",AUTO_INCLUDE,Lidl supermarket with established bakery provision
181 Upper Tooting Road,,London,Wandsworth,Lidl,Retailers - supermarkets/hypermarkets,7840,0,,1572263,PI/000437064,532,foodandsafety@merton.gov.uk,Wandsworth,http://www.wandsworth.gov.uk,False,,SW17 7TG,2024-07-15T00:00:00,fhrs_5_en-gb,5,,FHRS,-0.1644053,51.4312537,0.0,0.0,0.0,Lidl,lidl,"181 Upper Tooting Road, London, SW17 7TG",AUTO_INCLUDE,Lidl supermarket with established bakery provision
260 Wimbledon Park Road,,London,Wandsworth,Sainsbury's Supermarket,Retailers - supermarkets/hypermarkets,7840,0,,1573315,PI/000459144,532,foodandsafety@merton.gov.uk,Wandsworth,http://www.wandsworth.gov.uk,False,,SW19 6NL,2026-06-10T00:00:00,fhrs_5_en-gb,5,,FHRS,-0.2071921,51.4444515,0.0,5.0,0.0,Sainsbury's,sainsbury's supermarket,"260 Wimbledon Park Road, London, SW19 6NL",AUTO_INCLUDE,Large Sainsbury's supermarket format
56-70 Putney High Street,,London,Wandsworth,Lidl,Retailers - supermarkets/hypermarkets,7840,0,,1573507,PI/000459639,532,foodandsafety@merton.gov.uk,Wandsworth,http://www.wandsworth.gov.uk,False,,SW15 1SF,2024-01-11T00:00:00,fhrs_5_en-gb,5,,FHRS,-0.215919,51.464267,0.0,0.0,0.0,Lidl,lidl,"56-70 Putney High Street, London, SW15 1SF",AUTO_INCLUDE,Lidl supermarket with established bakery provision
Clydesdale Way,Belvedere,Kent,,Lidl Belvedere,Retailers - other,4613,0,,1104872,18/00333/CP,503,food.safety@bexley.gov.uk,Bexley,http://www.bexley.gov.uk,False,,DA17 6FD,2024-09-02T00:00:00,fhrs_5_en-gb,5,,FHRS,0.15652,51.49694,0.0,5.0,0.0,Lidl,lidl belvedere,"Clydesdale Way, Belvedere, Kent, DA17 6FD",AUTO_INCLUDE,Lidl supermarket with established bakery provision
Unit 12 Greenwich Shopping Park Bugsbys Way,,Charlton,Greenwich,Lidl,Retailers - other,4613,0,,1223642,13310,511,Food.Concerns@royalgreenwich.gov.uk,Greenwich,http://www.royalgreenwich.gov.uk,False,,SE7 7SR,2025-10-27T00:00:00,fhrs_5_en-gb,5,,FHRS,0.0245779994875193,51.488582611084,0.0,0.0,0.0,Lidl,lidl,"Unit 12 Greenwich Shopping Park Bugsbys Way, Charlton, SE7 7SR",AUTO_INCLUDE,Lidl supermarket with established bakery provision
,209 – 223 HOXTON STREET HACKNEY,Hackney,London,Lidl Great Britain Limited,Retailers - other,4613,0,,1816144,HAC2090,512,technicalbusinesssupport@hackney.gov.uk,Hackney,https://hackney.gov.uk/environmental-health#food,False,,N1 5LG,2025-06-03T00:00:00,fhrs_5_en-gb,5,,FHRS,-0.0803585,51.5328028,5.0,5.0,5.0,Lidl,lidl great britain limited,"209 – 223 HOXTON STREET HACKNEY, Hackney, N1 5LG",AUTO_INCLUDE,Lidl supermarket with established bakery provision
New Hereditament,237-249 Southend Lane,London,,Lidl,Retailers - other,4613,0,,1598697,FR/000001779,523,environmentalhealth@lewisham.gov.uk,Lewisham,http://www.lewisham.gov.uk/myservices/business/food-safety/Pages/default.aspx,False,,SE6 3RS,2018-01-18T00:00:00,fhrs_5_en-gb,5,,FHRS,-0.0264655,51.426323,0.0,5.0,0.0,Lidl,lidl,"New Hereditament, 237-249 Southend Lane, London, SE6 3RS",AUTO_INCLUDE,Lidl supermarket with established bakery provision
23 Streatham Road,,Mitcham,Merton,Lidl,Retailers - other,4613,0,,1109961,PI/000116723,524,foodandsafety@merton.gov.uk,Merton,http://www.merton.gov.uk,False,,CR4 2AD,2025-05-07T00:00:00,fhrs_5_en-gb,5,,FHRS,-0.1587444,51.4117402,0.0,0.0,0.0,Lidl,lidl,"23 Streatham Road, Mitcham, CR4 2AD",AUTO_INCLUDE,Lidl supermarket with established bakery provision
Unit 6 And 7 The Tandem Centre Tandem Way,,Colliers Wood,Merton,Lidl,Retailers - other,4613,0,,1270475,PI/000117894,524,foodandsafety@merton.gov.uk,Merton,http://www.merton.gov.uk,False,,SW19 2TY,2025-08-29T00:00:00,fhrs_5_en-gb,5,,FHRS,-0.1781042,51.4135312,0.0,5.0,0.0,Lidl,lidl,"Unit 6 And 7 The Tandem Centre Tandem Way, Colliers Wood, SW19 2TY",AUTO_INCLUDE,Lidl supermarket with established bakery provision
383 Richmond Road,,Twickenham,Richmond Upon Thames,Lidl,Retailers - other,4613,0,,1784037,PI/000423776,527,foodandsafety@merton.gov.uk,Richmond-Upon-Thames,http://www.richmond.gov.uk,False,,TW1 2EF,2024-11-05T00:00:00,fhrs_5_en-gb,5,,FHRS,-0.3105535,51.4557966,5.0,5.0,0.0,Lidl,lidl,"383 Richmond Road, Twickenham, TW1 2EF",AUTO_INCLUDE,Lidl supermarket with established bakery provision
328 Wrythe Lane,Carshalton,,,Lidl,Retailers - other,4613,0,,1041496,18/00102/COM,529,food.safety@sutton.gov.uk,Sutton,http://www.sutton.gov.uk,False,,SM5 1AD,2024-03-05T00:00:00,fhrs_5_en-gb,5,,FHRS,-0.189441,51.384064,5.0,5.0,5.0,Lidl,lidl,"328 Wrythe Lane, Carshalton, SM5 1AD",AUTO_INCLUDE,Lidl supermarket with established bakery provision
Unit 94 Southside Shopping Centre Wandsworth High Street,,London,Wandsworth,Lidl,Retailers - other,4613,0,,1768175,PI/000480480,532,foodandsafety@merton.gov.uk,Wandsworth,http://www.wandsworth.gov.uk,False,,SW18 4TG,2024-10-09T00:00:00,fhrs_5_en-gb,5,,FHRS,-0.1938135,51.4549117,5.0,5.0,5.0,Lidl,lidl,"Unit 94 Southside Shopping Centre Wandsworth High Street, London, SW18 4TG",AUTO_INCLUDE,Lidl supermarket with established bakery provision
18A Springfield Drive,,London,Wandsworth,Sainsburys Supermarket Ltd,Retailers - other,4613,0,,1782284,PI/000489435,532,foodandsafety@merton.gov.uk,Wandsworth,http://www.wandsworth.gov.uk,False,,SW17 0AZ,2024-12-19T00:00:00,fhrs_5_en-gb,5,,FHRS,-0.1707596,51.4382184,5.0,5.0,0.0,Sainsbury's,sainsburys supermarket ltd,"18A Springfield Drive, London, SW17 0AZ",AUTO_INCLUDE,Large Sainsbury's supermarket format
