FHRSID,BusinessName,Chain,Address,PostCode,InitialDecision,AIReason,ManualDecision,ManualReason
858154,Morrisons,Morrisons,"399 Edgware Road, Kingsbury, London, NW9 0FH",NW9 0FH,AUTO_INCLUDE,Insufficient evidence to confirm substantial bakery provision for this specific Morrisons.,YES,Substantially sized supermarket and evidence of bakery area
940538,Lidl,Lidl,"2A Glebe Way, West Wickham, BR4 0RJ",BR4 0RJ,AUTO_INCLUDE,Insufficient information to confirm substantial bakery provision.,YES,Image evidence of bakery provision
1094617,Lidl,Lidl,"Ground Floor 124 - 126 High Street, Bromley, BR1 1EZ",BR1 1EZ,AUTO_INCLUDE,Insufficient information to confirm substantial bakery provision.,YES,Image evidence of bakery provision
1450625,Lidl,Lidl,"Unit 1 168 Sevenoaks Way, Orpington, BR5 3AE",BR5 3AE,AUTO_INCLUDE,Insufficient information to confirm substantial bakery provision.,YES,Image evidence of bakery provision
470814,Sainsburys Supermarket,Sainsbury's,"204-206 West End Lane, NW6 1SG",NW6 1SG,AUTO_INCLUDE,The Sainsbury's store locator for 204-206 West End Lane NW6 1SG does not explicitly mention bakery provision.,NO,Sainsbury's Local small store unlikely to have bakery section
1108943,Lidl,Lidl,"Unit 4, The Oaks Shopping Centre, High Street, W3 6RE",W3 6RE,AUTO_INCLUDE,Insufficient information to confirm substantial bakery provision for this specific Lidl location.,YES,Image evidence of bakery provision
1108944,Lidl,Lidl,"63 - 65 Broadway, West Ealing, W13 9BP",W13 9BP,AUTO_INCLUDE,Insufficient information to confirm substantial bakery provision for this specific Lidl location.,YES,Image evidence of bakery provision
1582816,Lidl,Lidl,"23 Old Oak Common Lane, Acton, W3 7BA",W3 7BA,AUTO_INCLUDE,Insufficient information to confirm substantial bakery provision for this specific Lidl location.,YES,Image evidence of bakery provision
316031,Wm Morrison Supermarkets Limited,Morrisons,"Morrisons Supermarket And Car Park, Aldermans Hill, LONDON, N13 4YD",N13 4YD,AUTO_INCLUDE,Insufficient information to confirm substantial bakery provision for this specific Morrisons location.,YES,There is evidence online of the palmers green store having a bakery
1030259,Lidl,Lidl,"654-658 Hertford Road, ENFIELD, EN3 6LZ",EN3 6LZ,AUTO_INCLUDE,"While Lidl Hertford Road is a supermarket, specific bakery provision is not explicitly mentioned.",YES,Image evidence of bakery provision
694512,Lidl,Lidl,"1 Macbean Street, Woolwich, SE18 6LW",SE18 6LW,AUTO_INCLUDE,"The exact Lidl branch at 1 Macbean Street, Woolwich, SE18 6LW could not be confidently identified with specific bakery details.",YES,Image evidence of bakery provision
1334503,Lidl,Lidl,"1 Kings Mall, King Street, London, W6 0PZ",W6 0PZ,AUTO_INCLUDE,"While Lidl generally has bakeries, specific provision for this exact address is not explicitly stated.",YES,Image evidence of bakery provision
422069,Lidl,Lidl,"Unit 4b, Tottenham Hale Retail Park, Broad Lane, N15 4QD",N15 4QD,AUTO_INCLUDE,"While Lidl stores often have bakeries, specific provision for this exact address is not explicitly stated.",YES,Image evidence of bakery provision
422952,Wm Morrison Supermarkets Limited,Morrisons,"Supermarket, 199-201 High Road, Wood Green, N22 6DR",N22 6DR,AUTO_INCLUDE,There is no specific information available regarding bakery provision for this Morrisons location.,YES,There is evidence online of this store having bakery provisions
423386,Lidl,Lidl,"269-271 Seven Sisters Road, Hornsey, London, N4 2DE",N4 2DE,AUTO_INCLUDE,"While Lidl stores often have bakeries, specific provision for this exact address is not explicitly stated.",YES,Image evidence of bakery provision
276834,Lidl,Lidl,"80-82 The Broadway, Stanmore, HA7 4DU",HA7 4DU,AUTO_INCLUDE,"The specific Lidl at this address could not be confidently identified as having substantial bakery provision, and a Wenzel's bakery is listed at a similar address.",YES,Image evidence of bakery provision
1137802,Lidl,Lidl,"Atlanta Boulevard, Romford, RM1 1TB",RM1 1TB,AUTO_INCLUDE,Insufficient information to confirm substantial bakery provision.,YES,Image evidence of bakery provision
1030146,Lidl,Lidl,"1 Central Avenue, UB3 2BN",UB3 2BN,AUTO_INCLUDE,"The provided information for this address refers to a Lidl in Yonkers, NY, not London.",YES,Image evidence of bakery provision
490556,Lidl,Lidl,"Unit 1 Ivybridge Retail Park, Twickenham Road, Isleworth, TW7 7DY",TW7 7DY,AUTO_INCLUDE,Insufficient evidence to confirm substantial bakery provision at this specific Lidl location.,YES,Image evidence of bakery provision
490935,Tesco Stores Ltd (Main Store),Tesco,"Unit 5 Bullsbridge Industrial Estate, Hayes Road, Southall, UB2 5LN",UB2 5LN,AUTO_INCLUDE,Insufficient evidence to confirm substantial bakery provision at this specific Tesco location.,YES,Image evidence of bakery provision
416027,Morrisons,Morrisons,"Morrisons, 10 Hertslet Road, London, N7 6PL",N7 6PL,AUTO_INCLUDE,"While identified as a Morrisons supermarket, there is no specific mention of bakery provision for this exact address.",YES,There is evidence online of this store having bakery provisions
1022850,Lidl,Lidl,"Unit 1 Plough Lane Retail Park Plough Lane, Summerstown, SW17 0BW",SW17 0BW,AUTO_INCLUDE,"The exact Lidl branch at Unit 1 Plough Lane Retail Park, Summerstown, SW17 0BW, could not be confidently identified with specific bakery provision details.",YES,Image evidence of bakery provision
641135,Morrisons,Morrisons,"15 The Grove, Stratford, London, E15 1EN",E15 1EN,AUTO_INCLUDE,"The Morrisons at 15 The Grove, Stratford, E15 1EN, does not have explicit bakery provision mentioned in the search results.",YES,There is evidence online of this store having bakery provisions
864084,Lidl UK,Lidl,"Units 41 And 42, West Mall, The Mall, E15 1XE",E15 1XE,AUTO_INCLUDE,"The Lidl at Units 41 And 42, West Mall, The Mall, E15 1XE, does not have explicit bakery provision mentioned in the search results.",YES,Image evidence of bakery provision
919446,Morrisons,Morrisons,"3 Silvertown Square, Canning Town, London, E16 1GW",E16 1GW,AUTO_INCLUDE,"The Morrisons at 3 Silvertown Square, Canning Town, E16 1GW, does not have explicit bakery provision mentioned in the search results.",YES,There is evidence online of this store having bakery provisions
1725215,Lidl Great Britain Limited,Lidl,"2 Springfield Drive, IG2 6QG",IG2 6QG,AUTO_INCLUDE,The exact branch could not be confidently identified with specific bakery provision details.,YES,Image evidence of bakery provision
1574249,Lidl,Lidl,"50 South Road, Twickenham",,AUTO_INCLUDE,"The postcode for Lidl 50 South Road, Twickenham is unknown, making it difficult to verify the specific store and its bakery provision.",YES,Image evidence of bakery provision
515002,Asda Supermarket,Asda,"19 Selborne Walk, Walthamstow, E17 7JR",E17 7JR,AUTO_INCLUDE,There is insufficient evidence to confirm substantial bakery provision at this specific Asda.,YES,Image evidence of bakery provision
1398899,Bangla Town Cash & Carry,,"21 Thames Road, IG11 0HS",IG11 0HS,NEEDS_CHECK,There is insufficient information to determine bakery provision for Bangla Town Cash & Carry.,NO,No evidence to prove bakery provision exists
1682136,Sainsbury's Supermarkets Ltd,Sainsbury's,"Block K, Beam Park, RM9 6SA",RM9 6SA,NEEDS_CHECK,There is insufficient information to determine bakery provision for Sainsbury's Supermarkets Ltd at this new development.,NO,Sainsbury's Local small store unlikely to have bakery section
1765888,Asia Halal Supermarket Ltd,,"227-231 Heathway, RM9 5AN",RM9 5AN,NEEDS_CHECK,Information about bakery provision for this specific store is not available.,NO,No evidence to prove bakery provision exists
1829079,Your Local International Market,,"9-10 The Triangle, Tanner Street, IG11 8QA",IG11 8QA,NEEDS_CHECK,The exact branch could not be confidently identified.,NO,No evidence to prove bakery provision exists
757054,Tesco,Tesco,"Coppetts Centre  North Circular Road London, N12 0SH",N12 0SH,NEEDS_CHECK,Insufficient information to confirm substantial bakery provision for this specific Tesco.,YES,There is evidence online of this store having bakery provisions
757096,Thornfield Supermarket,,"Thornfield Parade  Holders Hill Road London, NW7 1LN",NW7 1LN,NEEDS_CHECK,"No information found for ""Thornfield Supermarket"" at the given address.",NO,No evidence to prove bakery provision exists
757537,Gisha,,"58 Ballards Lane London, N3 2BU",N3 2BU,NEEDS_CHECK,"""Gisha"" at this address could not be confidently identified as a supermarket with bakery provision.",NO,This is a convenience store
757563,Tapuach / Sushi Fix,,"108 Brent Street London, NW4 2HH",NW4 2HH,NEEDS_CHECK,"""Tapuach / Sushi Fix"" at this address appears to be a restaurant or takeaway, not a supermarket with substantial bakery provision.",YES,Website claims fresh baked goods every morning
989329,Moshe Food & Wine,,"1099 Finchley Road London, NW11 0QB",NW11 0QB,NEEDS_CHECK,"Moshe Food & Wine is a supermarket/hypermarket, but there is no specific mention of substantial bakery provision.",NO,No evidence to prove bakery provision exists
1291299,Hyper Food Centre,,"3 Bell Lane London, NW4 2BP",NW4 2BP,NEEDS_CHECK,"Hyper Food Centre is a supermarket, but there is no specific mention of substantial bakery provision.",NO,Insuffieicent evidence beyond sweets of baked goods
1344434,Evo Supermart,,"20 Vivian Avenue London, NW4 3XP",NW4 3XP,NEEDS_CHECK,There is insufficient information to determine the bakery provision of Evo Supermart.,NO,There is not enough evidence that they sell anything beyond african and carribean food products
1582784,Way2save Supermarket,,"254 West Hendon Broadway London, NW9 6AG",NW9 6AG,NEEDS_CHECK,"While identified as a supermarket, there is insufficient information to confirm substantial bakery provision.",YES,There is sufficient evidence of a bakery stand inside of the store
1753056,Tesco Stores Limited,Tesco,"74 Watling Avenue Edgware, HA8 0LU",HA8 0LU,NEEDS_CHECK,"The specific Tesco format (e.g., Express, Superstore) is not clear, and there is no information on bakery provision.",NO,Small tesco express unlikley to have instore bakery
1901023,Pirqo Food Centre,,"20 East Barnet Road Barnet, EN4 8RQ",EN4 8RQ,NEEDS_CHECK,No specific information about bakery provision for Pirqo Food Centre was found.,NO,Very small and limited selection of baked goods insufficient provision
1960761,Colney Supermarket,,"79 Colney Hatch Lane London, N10 1LR",N10 1LR,NEEDS_CHECK,No specific information about Colney Supermarket or its bakery provision was found.,NO,Very small and limited selection of baked goods insufficient provision
580849,Asda,Asda,"13-15 Crook Log, Bexleyheath, Kent, DA6 8DZ",DA6 8DZ,NEEDS_CHECK,"While an Asda, there is no specific mention of a bakery counter or in-store bakery for this particular Crook Log location.",NO,Medium asda store however website shows a lack of bakery mentioned
531149,11 Express,,"49 Bridge Road, Wembley, HA9 9AG",HA9 9AG,NEEDS_CHECK,"No information could be found for ""11 Express 49 Bridge Road, Wembley, HA9 9AG"".",NO,Mainly an off-license
531152,A F G Bazaar,,"204 Church Road, London, NW10 9NP",NW10 9NP,NEEDS_CHECK,"No specific information could be found for ""A F G Bazaar 204 Church Road, London, NW10 9NP"".",NO,Convenience store with limited bakery provision
531714,Horan Market,,"8 Grand Parade, Forty Avenue, Wembley, HA9 9JS",HA9 9JS,NEEDS_CHECK,"Horan Market at 8 Grand Parade, Forty Avenue, Wembley, HA9 9JS is listed as a supermarket, but there is no evidence of substantial bakery provision.",NO,No evidence to prove bakery provision exists
531917,Fairprice Newsagents Food & Wine,,"559 High Road, Wembley, HA0 2DW",HA0 2DW,NEEDS_CHECK,No specific information found regarding bakery provision for Fairprice Newsagents Food & Wine.,NO,Off-license
531942,Alosra Supermarket,,"72 High Road, London, NW10 2PU",NW10 2PU,NEEDS_CHECK,"Alosra Supermarket at 72 High Road, NW10 2PU is a grocery store, but specific bakery provision is not clear.",NO,There may be some baked goods instore but there is insufficient evidence to prove that they have substantial bakery provisions
531956,Barakh Supermarket,,"122-124 High Road, London, NW10 2PN",NW10 2PN,NEEDS_CHECK,"Barakh Supermarket at 122-124 High Road, NW10 2PN could not be confidently identified with specific bakery provision.",NO,There is insufficient evidence of bakery provisions
531992,Atlantis Food Centre,,"264-266 High Road, London, NW10 2EY",NW10 2EY,NEEDS_CHECK,Insufficient information to determine bakery provision.,NO,There is insufficient evidence of bakery provisions
531994,Food Shop,,"268 High Road, London, NW10 2EY",NW10 2EY,NEEDS_CHECK,Insufficient information to determine bakery provision.,NO,There is insufficient evidence of bakery provisions
532050,Sahar,,"106-108 High Street, London, NW10 4SL",NW10 4SL,NEEDS_CHECK,Insufficient information to determine bakery provision.,NO,There is insufficient evidence of bakery provisions
532112,FB Corner,,"317 Kenton Road, Harrow, HA3 0XN",HA3 0XN,NEEDS_CHECK,Insufficient information to determine bakery provision.,NO,There is insufficient evidence of bakery provisions
532158,Kilburn Food Market,,"249 Kilburn High Road, London, NW6 7JN",NW6 7JN,NEEDS_CHECK,Insufficient information to determine bakery provision.,NO,There is insufficient evidence of bakery provisions
532159,Round The Clock Supermarket,,"261 Kilburn High Road, London, NW6 7JR",NW6 7JR,NEEDS_CHECK,"""Round The Clock Supermarket"" at 261 Kilburn High Road, London, NW6 7JR appears to be an off-license or convenience store, with no clear evidence of substantial bakery provision.",NO,Off-license
532238,Ragulan,,"628 Kingsbury Road, London, NW9 9HN",NW9 9HN,NEEDS_CHECK,"Ragulan Ltd at this address is dissolved, and Ragulans Brothers Ltd is a private limited company with no details of bakery provision.",NO,Off-license
532329,Best Price,,"26 Neasden Lane, London, NW10 2UN",NW10 2UN,NEEDS_CHECK,"""Best Price"" at 26 Neasden Lane could not be confidently identified as a supermarket with bakery provision.",NO,Newsagents
532361,Tesco,Tesco,"Tesco, 312-314 Neasden Lane, London, NW10 0AD",NW10 0AD,NEEDS_CHECK,"The specific Tesco branch at 312-314 Neasden Lane, London, NW10 0AD could not be confidently identified as a large format store with substantial bakery provision.",NO,Small tesco express unlikley to have instore bakery
532430,London Store,,"28 Park Parade, London, NW10 4JG",NW10 4JG,NEEDS_CHECK,"The ""London Store"" at 28 Park Parade, London, NW10 4JG could not be confidently identified as a supermarket with bakery provision.",NO,There is insufficient evidence of bakery provisions
532482,Preston Superstore,,"268 Preston Road, Harrow, HA3 0PY",HA3 0PY,NEEDS_CHECK,"The ""Preston Superstore"" at this address appears to be a dissolved company or a car dealership in Ohio, not a London grocery store with bakery provision.",NO,This is a convenience store
532494,Preston News,,"324 Preston Road, Harrow, HA3 0QH",HA3 0QH,NEEDS_CHECK,"No specific information about ""Preston News"" at this address could be found to determine bakery provision.",NO,This is a convenience store
532605,Station Express,,"51 Station Road, London, NW10 4UX",NW10 4UX,NEEDS_CHECK,"The exact nature of ""Station Express"" at 51 Station Road, London, NW10 4UX, and its bakery provision could not be confidently determined from the search results.",NO,Off-license
532642,Munro's Store,,"28 Temple Road, London, NW2 6PP",NW2 6PP,NEEDS_CHECK,"Munro's Store at 28 Temple Road, London, NW2 6PP appears to be a convenience store, but a Facebook page for ""Munro's"" mentions baked goods, though it's unclear if this is the same physical location or an online bakery.",NO,This is a convenience store
532714,Miorita Shop,,"25 Wembley Hill Road, Wembley, HA9 8AS",HA9 8AS,NEEDS_CHECK,"Miorita Shop at 25 Wembley Hill Road, Wembley, HA9 8AS could not be confidently identified with specific bakery provision details.",NO,Inactive
532720,Triangle Food & Wine Shop,,"1 Neeld Parade, including rear Kiosk, Wembley Hill Road, HA9 6QU",HA9 6QU,NEEDS_CHECK,Insufficient information to determine bakery provision.,NO,Off-license
532793,J R Patel,,"33 Wrights Place, London, NW10 0PX",NW10 0PX,NEEDS_CHECK,"The business ""J R Patel"" at 33 Wrights Place, London, NW10 0PX is listed as a supermarket, but there is no information about bakery provision.",NO,This is a convenience store
533012,Food World,,"8A Cambridge Avenue, London, NW6 5BB",NW6 5BB,NEEDS_CHECK,"""Food World"" at 8A Cambridge Avenue, London, NW6 5BB is listed as a supermarket/hypermarket and grocer, but there is no specific information about bakery provision.",NO,This is a convenience store
533027,"V-Procure 360 LTD,  T/a Super Savers",,"437 Kenton Road, Harrow, HA3 0XY",HA3 0XY,NEEDS_CHECK,"""V-Procure 360 LTD, T/a Super Savers"" at 437 Kenton Road, Harrow, HA3 0XY is registered with a primary business nature of ""Other retail sale in non-specialised stores"", but there is no information about bakery provision.",NO,This is a convenience store
533246,Hayat Food,,"496 Church Lane, London, NW9 8UA",NW9 8UA,NEEDS_CHECK,"Hayat Food at 496 Church Lane, London, NW9 8UA appears to be a supermarket, but there is no specific mention of bakery provision.",NO,This is a convenience store
533279,Aljazira General Store Limited,,"180 Church Road, London, NW10 9NP",NW10 9NP,NEEDS_CHECK,"Aljazira General Store Limited at 180 Church Road, London, NW10 9NP is registered as a private limited company, but there is no information about its retail offerings or bakery provision.",NO,There is insufficient evidence of bakery provisions
533280,Sunrise Food Market,,"182 Church Road, London, NW10 9NP",NW10 9NP,NEEDS_CHECK,"Sunrise Food Market at 182 Church Road, London, NW10 9NP could not be confidently identified with specific bakery provision details.",NO,There is insufficient evidence of bakery provisions
533352,Euro Supermarket,,"104-108 College Road, London, NW10 5HD",NW10 5HD,NEEDS_CHECK,Insufficient information to determine bakery provision for Euro Supermarket.,NO,This is a convenience store
533451,Atlantis Food Centre,,"77-79 Dudden Hill Lane, London, NW10 1BD",NW10 1BD,NEEDS_CHECK,Insufficient information to determine bakery provision.,NO,There is insufficient evidence of bakery provisions
533454,Yellow Shop,,"6 Library Parade, Craven Park Road, London, NW10 8SG",NW10 8SG,NEEDS_CHECK,No specific information about bakery provision could be found for Yellow Shop.,NO,There is insufficient evidence of bakery provisions
533501,Blue City Supermarket Ltd,,"145 Cricklewood Broadway, London, NW2 3HY",NW2 3HY,NEEDS_CHECK,"Blue City Supermarket Ltd is listed as a supermarket, but no details about bakery provision are available.",NO,There is insufficient evidence of bakery provisions
533516,Capital Food,,"189 Cricklewood Broadway, London, NW2 3HT",NW2 3HT,NEEDS_CHECK,"No information about ""Capital Food"" at the specified address and postcode could be found.",NO,There is insufficient evidence of bakery provisions
533681,Rombull Foods Limited,,"5D Main Drive, East Lane Business Park, Wembley, HA9 7NA",HA9 7NA,NEEDS_CHECK,No specific information about bakery provision could be found for Rombull Foods Limited.,NO,There is insufficient evidence of bakery provisions
533797,Diu Portugal,,"234 Ealing Road, Wembley, HA0 4QL",HA0 4QL,NEEDS_CHECK,"""Diu Portugal"" at this address appears to be a mobile phone repair shop or cafe, not a supermarket.",NO,There is insufficient evidence of bakery provisions
533896,The Great Wall Supermarket,,"261 Edgware Road, Kingsbury, London, NW9 6LU",NW9 6LU,NEEDS_CHECK,"The Great Wall Supermarket is an Asian supermarket, but there is no specific information about bakery provision.",NO,There is insufficient evidence of bakery provisions
543056,Cozia,,"163 Church Lane, London, NW9 8JU",NW9 8JU,NEEDS_CHECK,"No specific information could be found for ""Cozia"" at the given address to determine bakery provision.",NO,There is insufficient evidence of bakery provisions
626667,Brasil Andia,,"226 High Street, London, NW10 4TD",NW10 4TD,NEEDS_CHECK,"No specific information could be found for ""Brasil Andia"" at the given address to determine bakery provision.",NO,There is insufficient evidence of bakery provisions
653445,Tareen Food Centre,,"264 Church Lane, London, NW9 8LU",NW9 8LU,NEEDS_CHECK,"Tareen Food Centre is listed as a supermarket/hypermarket, but there is no evidence of substantial bakery provision.",NO,There is insufficient evidence of bakery provisions
778147,Basharow Emporium Ltd,,"218 Church Road, London, NW10 9NP",NW10 9NP,NEEDS_CHECK,No specific information about Basharow Emporium Ltd or its bakery provision could be found.,NO,There is insufficient evidence of bakery provisions
869556,Buy 2 Save Food Centre,,"42 Carlyon Road, Wembley, HA0 1JE",HA0 1JE,NEEDS_CHECK,"The business is listed as a supermarket/hypermarket, but there is no specific mention of bakery provision.",NO,There is insufficient evidence of bakery provisions
894423,Food 4 You,,"280 Kingsbury Road, London, NW9 0BY",NW9 0BY,NEEDS_CHECK,There is no information available to confirm the existence of a bakery at this location.,NO,There is insufficient evidence of bakery provisions
917010,Way 2 Save International Supermarket,,"37-41 High Street, London, NW10 4NE",NW10 4NE,NEEDS_CHECK,"Way 2 Save International Supermarket is listed as a supermarket, but there is no specific mention of bakery provision.",NO,There is insufficient evidence of bakery provisions
917016,Anglo Asian Cash & Carry,,"373-375 Church Lane, London, NW9 8JB",NW9 8JB,NEEDS_CHECK,"Anglo Asian Cash & Carry is identified as a supermarket/hypermarket, but there is no specific mention of bakery provision.",NO,There is insufficient evidence of bakery provisions
945784,Sivashakthi Cash & Carry,,"1, ATLIP CENTRE, Atlip Road, HA0 4PE",HA0 4PE,NEEDS_CHECK,There is no information available to confirm the existence of a bakery at this location.,NO,There is insufficient evidence of bakery provisions
960067,Al-Pasha Trading Limited,,"428-430 High Road, Wembley, HA9 6AH",HA9 6AH,NEEDS_CHECK,"Al-Pasha Trading Limited is listed as a supermarket/hypermarket, but there is no specific mention of bakery provision.",NO,There is insufficient evidence of bakery provisions
988738,Anglo Asian Cash and Carry (Shop & Basement),,"539 High Road, Wembley, HA0 2DJ",HA0 2DJ,NEEDS_CHECK,"Anglo Asian Cash and Carry is a wholesaler and retailer of Asian groceries, but there is no specific mention of substantial bakery provision.",NO,There is insufficient evidence of bakery provisions
1026347,Today's your Local Store,,"128 Windermere Avenue, Wembley, HA9 8RB",HA9 8RB,NEEDS_CHECK,"""Today's your Local Store"" is a generic name, and without further information, the specific store and its bakery provision cannot be confidently identified.",NO,There is insufficient evidence of bakery provisions
1128872,Maxideals,,"16-18 High Street, London, NW10 4LX",NW10 4LX,NEEDS_CHECK,"""Maxideals"" is a generic name, and without further information, the specific store and its bakery provision cannot be confidently identified.",NO,There is insufficient evidence of bakery provisions
1229393,Trishul Grocery - (Units A & B),,"Unit A, 529 High Road, Wembley, HA0 2DH",HA0 2DH,NEEDS_CHECK,Information about Trishul Grocery's bakery provision is not available.,NO,There is insufficient evidence of bakery provisions
1292732,Maxxi Save International Food Centre.,,"30-32 Harrow Road, Wembley, HA9 6PG",HA9 6PG,NEEDS_CHECK,Information about Maxxi Save International Food Centre's bakery provision is not available.,NO,There is insufficient evidence of bakery provisions
1331920,Sainsbury's,Sainsbury's,"1-7 Exhibition Way, Wembley, HA9 0FA",HA9 0FA,NEEDS_CHECK,"The specific Sainsbury's at 1-7 Exhibition Way, Wembley, HA9 0FA could not be confidently identified or its bakery provision detailed.",NO,This is a sainsbury's local and unlikley to have an instore bakery
1408508,RD & Sons,,"6 HEATHER PARK PARADE, Heather Park Drive, Wembley, HA0 1SL",HA0 1SL,NEEDS_CHECK,Information about RD & Sons' bakery provision is not available.,NO,There is insufficient evidence of bakery provisions
1408518,Ousheng Oriental Supermarket,,"45 Burnt Oak Broadway, Edgware, HA8 5JZ",HA8 5JZ,NEEDS_CHECK,No specific bakery provision was mentioned for Ousheng Oriental Supermarket.,NO,There is insufficient evidence of bakery provisions
1418843,Modko Ltd,,"Unit 5, 499 High Road, Wembley, HA0 2DH",HA0 2DH,NEEDS_CHECK,No information about bakery provision was found for Modko Ltd.,NO,There is insufficient evidence of bakery provisions
1468285,FRESHMART SUPERMARKET,,"34 Wembley Hill Road, Wembley, HA9 8FJ",HA9 8FJ,NEEDS_CHECK,"Freshmart Supermarket is listed as a convenience store, but no specific bakery provision was mentioned.",NO,There is insufficient evidence of bakery provisions
1531243,Malar Supermarket UK Limited / Malar Spice Ltd,,"Unit 1, 541-543 High Road, Wembley, HA0 2DJ",HA0 2DJ,NEEDS_CHECK,"Malar Supermarket UK Limited / Malar Spice Ltd is identified as a supermarket/hypermarket, but no specific bakery provision was mentioned.",NO,There is insufficient evidence of bakery provisions
1581235,Stockhouse Groceries,,"8 Court Parade, East Lane, Wembley, HA0 3HY",HA0 3HY,NEEDS_CHECK,There is insufficient information to determine bakery provision for Stockhouse Groceries.,NO,Inactive
1596914,Miah's Oriental Foods,,"84 High Road, London, NW10 2PR",NW10 2PR,NEEDS_CHECK,There is insufficient information to determine bakery provision for Miah's Oriental Foods.,NO,There is insufficient evidence of bakery provisions
1671996,Sam Poundstore,,"452 High Road, Wembley, HA9 7AY",HA9 7AY,NEEDS_CHECK,"There is no information available for ""Sam Poundstore"" at the specified address to determine bakery provision.",NO,There is insufficient evidence of bakery provisions
1696443,Tian Tian Market,,"7 Wellers Way, Wembley, HA9 0UH",HA9 0UH,NEEDS_CHECK,"Tian Tian Market is an Asian grocery store, but specific bakery provision is not detailed.",NO,There is insufficient evidence of bakery provisions
1770140,Erbil Supermarket,,"18C High Road, London, NW10 2QD",NW10 2QD,NEEDS_CHECK,Erbil Supermarket could not be confidently identified with details about its bakery provision.,NO,There is insufficient evidence of bakery provisions
1775122,WATAN MARKET,,"37 Court Parade, East Lane, Wembley, HA0 3HS",HA0 3HS,NEEDS_CHECK,"WATAN MARKET is listed as a retail trade business, but there is no information about bakery provision at this specific location.",NO,There is insufficient evidence of bakery provisions
1871512,Costcutter & Post Office,,"268-270 Kingsbury Road, London, NW9 0BT",NW9 0BT,NEEDS_CHECK,"As a Costcutter & Post Office, it is likely a convenience store, but there is insufficient information to confirm substantial bakery provision.",NO,There is insufficient evidence of bakery provisions
1905418,TINDAHAN KO. @Kabul Plaza,,"Unit 4, 42-44 High Street, London, NW10 4LS",NW10 4LS,NEEDS_CHECK,The exact branch of Tindahan Ko. @Kabul Plaza could not be confidently identified as a supermarket with substantial bakery provision.,NO,There is insufficient evidence of bakery provisions
1921706,Romania Market,,"219-221 East Lane, Wembley, HA0 3NN",HA0 3NN,NEEDS_CHECK,"While ""Romania Market"" exists, the address provided (219-221 East Lane) does not clearly correspond to a specific supermarket with bakery provision, and other Romanian markets are listed at different addresses.",NO,There is insufficient evidence of bakery provisions
358245,Penge Food Centre,,"197 - 199 High Street, Penge, London, SE20 7PF",SE20 7PF,NEEDS_CHECK,No specific information about bakery provision for Penge Food Centre was found.,NO,There is insufficient evidence of bakery provisions
358445,Sainsbury's,Sainsbury's,"Sainsbury's 5 - 7 Homefield Rise, Orpington, BR6 0RT",BR6 0RT,NEEDS_CHECK,"No specific information about bakery provision for Sainsbury's 5 - 7 Homefield Rise, Orpington was found.",YES,There is evidence on the website of this store of a bakery existing
1345315,Mega Saver,,"183 - 189 High Street, Penge, London, SE20 7PF",SE20 7PF,NEEDS_CHECK,No specific information about bakery provision for Mega Saver was found.,NO,There is insufficient evidence of bakery provisions
1811012,ASA International Food Centre,,"195 - 197 High Street, Orpington, BR6 0PF",BR6 0PF,NEEDS_CHECK,"ASA International Food Centre is a supermarket specializing in international foods, but specific bakery provision is not detailed.",NO,There is insufficient evidence of bakery provisions
1882869,Hub Mart,,"172 Petts Wood Road, Petts Wood, Orpington, BR5 1LG",BR5 1LG,NEEDS_CHECK,Insufficient information to determine bakery provision for this independent supermarket.,NO,There is insufficient evidence of bakery provisions
1896332,SS Food & Wine,,"126 High Street, Orpington, BR6 0JS",BR6 0JS,NEEDS_CHECK,Insufficient information to determine bakery provision for this independent food and wine store.,NO,There is insufficient evidence of bakery provisions
425546,Marks & Spencer,M&S,"143-151 Camden High Street, NW1 7JX",NW1 7JX,NEEDS_CHECK,Information on bakery provision for this specific M&S Simply Food was not readily available.,YES,There is evidence on the website of this store having a bakery department
1181570,Sainsbury's,Sainsbury's,"Maiden Lane Estate, Maiden Lane, NW1 9UP",NW1 9UP,NEEDS_CHECK,"There is insufficient information to determine the specific format or bakery provision of Sainsbury's at Maiden Lane Estate, NW1 9UP.",NO,"Though there is evidence online of a bakery section, it does not look like there is an instore bakery"
1251655,Tesco,Tesco,"Northways Parade, Finchley Road, NW3 5EN",NW3 5EN,NEEDS_CHECK,"The Tesco at Northways Parade, Finchley Road, NW3 5EN is identified as a Superstore, but there is no specific mention of bakery provision.",NO,"Though there is evidence online of a bakery section, it does not look like there is an instore bakery"
1560483,FAIR SUPERMARKET,,"93 Fairfax Road, NW6 4DY",NW6 4DY,NEEDS_CHECK,There is insufficient information to determine bakery provision for FAIR SUPERMARKET.,NO,There is insufficient evidence of bakery provisions
1691319,Sainsbury's Supermarkets Ltd,Sainsbury's,"Sainsbury's Camden Gospel Oak Spectrum House, 32-34 Gordon House Road, NW5 1LP",NW5 1LP,NEEDS_CHECK,There is insufficient information to determine bakery provision for Sainsbury's Camden Gospel Oak Spectrum House.,NO,"Though there is evidence online of a bakery section, it does not look like there is an instore bakery"
1751427,EKAU,,"146A, High Holborn, WC1V 6PJ",WC1V 6PJ,NEEDS_CHECK,There is insufficient information to determine bakery provision for EKAU.,NO,There is insufficient evidence of bakery provisions
1798588,Al Rouche,,"204 Kilburn High Road, NW6 4JH",NW6 4JH,NEEDS_CHECK,There is insufficient information to determine bakery provision for Al Rouche.,NO,There is insufficient evidence of bakery provisions
1803442,Alquds Supermarket,,"230 Kilburn High Road, NW6 4JP",NW6 4JP,NEEDS_CHECK,"While ""Alquds Supermarket"" is identified, there is no specific mention of substantial bakery provision at this particular London location.",NO,Inactive
1942051,Alquds Supermarket,,"230 Kilburn High Road, NW6 4JP",NW6 4JP,NEEDS_CHECK,Insufficient information is available to determine bakery provision for this independent supermarket.,NO,Inactive
6555,Sainsbury's,Sainsbury's,"Sainsburys Supermarket, 120 Whitehorse Lane, South Norwood, SE25 6XB",SE25 6XB,NEEDS_CHECK,Insufficient information to determine bakery provision for this specific Sainsbury's Supermarket.,YES,There is evidence on the website of this store having a bakery department
18455,Sainsbury's,Sainsbury's,"64 Westow Street, Upper Norwood, London, SE19 3AF",SE19 3AF,NEEDS_CHECK,Insufficient information to determine bakery provision for this specific Sainsbury's.,YES,There is evidence on the website of this store having a bakery department
33085,Sainsbury's,Sainsbury's,"261 Lower Addiscombe Road, Croydon, CR9 6DB",CR9 6DB,NEEDS_CHECK,There is insufficient information to determine if this Sainsbury's Local has substantial bakery provision.,NO,"Though there is evidence online of a bakery section, it does not look like there is an instore bakery"
990499,Bensham Local,,"102 Bensham Lane, Thornton Heath, CR7 7ES",CR7 7ES,NEEDS_CHECK,Insufficient information to identify the store or its bakery provision.,NO,There is insufficient evidence of bakery provisions
1668801,Hung Manh Vietnamese Supermarket,,"246 High Street, Croydon, CR0 1NF",CR0 1NF,NEEDS_CHECK,Insufficient evidence to determine substantial bakery provision for this Vietnamese supermarket.,NO,There is insufficient evidence of bakery provisions
1685264,Tran Supermarket,,"42 Church Street, Croydon, CR0 1RB",CR0 1RB,NEEDS_CHECK,Insufficient evidence to determine substantial bakery provision for this supermarket.,NO,There is insufficient evidence of bakery provisions
1748778,Welcome Shirley,,"118 - 122 Orchard Way, Croydon, CR0 7NN",CR0 7NN,NEEDS_CHECK,"The business ""Welcome Shirley"" could not be confidently identified as a supermarket with bakery provision.",NO,There is insufficient evidence of bakery provisions
1032863,Tesco,Tesco,"482 - 486 Church Road, Northolt, UB5 5AU",UB5 5AU,NEEDS_CHECK,Insufficient information to determine bakery provision for this specific Tesco.,NO,"Though there is evidence online of a bakery section, it does not look like there is an instore bakery"
1033053,Tesco,Tesco,"20 Ealing Broadway Centre, The Broadway, Ealing, W5 5JY",W5 5JY,NEEDS_CHECK,Insufficient information to determine bakery provision for this specific Tesco.,NO,"Though there is evidence online of a bakery section, it does not look like there is an instore bakery"
1033313,Sainsbury's,Sainsbury's,"437B Uxbridge Road, Ealing, W5 3NT",W5 3NT,NEEDS_CHECK,"The store is listed as a Sainsbury's, but no specific format or bakery details are available.",NO,"Though there is evidence online of a bakery section, it does not look like there is an instore bakery"
1711051,Mohan Food Market,,"Ground Floor Shop, 54 Bilton Road, Perivale, UB6 7DH",UB6 7DH,NEEDS_CHECK,"The search results for ""Mohan Food Market"" and ""Mohan Bakery"" show bakeries in India, not a supermarket in London.",NO,This is an off-license
316401,Sainsbury's,Sainsbury's,"1 Florey Square, LONDON, N21 1UJ",N21 1UJ,NEEDS_CHECK,"While identified as a Sainsbury's Superstore, there is no specific mention of bakery provision for this location.",NO,"Though there is evidence online of a bakery section, it does not look like there is an instore bakery"
316483,Tesco,Tesco,"1 Glover Drive, LONDON, N18 3HF",N18 3HF,NEEDS_CHECK,"The search results identify this as a Tesco Extra, but there is no specific mention of bakery provision.",YES,There is evidence on the website of this store of a bakery existing
954848,One Stop Shop,,"213-215 Baker Street, ENFIELD, EN1 3LA",EN1 3LA,NEEDS_CHECK,"The ""One Stop Shop"" at 213-215 Baker Street could not be confidently identified as a specific chain or its bakery provision.",NO,There is insufficient evidence of bakery provisions
972249,Sainsbury's,Sainsbury's,"2-4 Heddon Court Parade, Cockfosters Road, BARNET, EN4 0DB",EN4 0DB,NEEDS_CHECK,"The Sainsbury's at 2-4 Heddon Court Parade, Cockfosters Road, Barnet, EN4 0DB could not be confidently identified with specific bakery provision details.",NO,"Though there is evidence online of a bakery section, it does not look like there is an instore bakery"
1019420,Aida Supermarket,,"25 Green Lanes, LONDON, N13 4TN",N13 4TN,NEEDS_CHECK,"Aida Supermarket at 25 Green Lanes is a supermarket, but there is no specific mention of substantial bakery provision.",NO,There is insufficient evidence of bakery provisions
1071981,Ayaz Food Centre,,"236 Hertford Road, ENFIELD, EN3 5BL",EN3 5BL,NEEDS_CHECK,Insufficient evidence to confirm substantial bakery provision.,NO,There is insufficient evidence of bakery provisions
1130449,Bodrum Supermarket,,"102 Tottenhall Road, LONDON, N13 6DG",N13 6DG,NEEDS_CHECK,Insufficient evidence to confirm substantial bakery provision.,NO,There is insufficient evidence of bakery provisions
1130454,Arnos Grove Food Centre,,"368 Bowes Road, LONDON, N11 1AH",N11 1AH,NEEDS_CHECK,Insufficient evidence to confirm substantial bakery provision.,NO,There is insufficient evidence of bakery provisions
1241740,Oz Sultan Supermarket & Off Licence,,"65 Bounces Road, LONDON, N9 8JE",N9 8JE,NEEDS_CHECK,Insufficient evidence to confirm substantial bakery provision.,NO,There is insufficient evidence of bakery provisions
1272636,Enfield Food Centre,,"602-606 Hertford Road, ENFIELD, EN3 5SX",EN3 5SX,NEEDS_CHECK,Insufficient evidence to confirm substantial bakery provision.,NO,There is insufficient evidence of bakery provisions
1450370,Family Food centre,,"285 Hertford Road, LONDON, N9 7ES",N9 7ES,NEEDS_CHECK,Insufficient evidence to confirm substantial bakery provision.,NO,There is insufficient evidence of bakery provisions
1634760,Kaya Food Centre,,"37 Green Lanes, LONDON, N13 4TN",N13 4TN,NEEDS_CHECK,"Kaya Food Centre is identified as a supermarket/hypermarket, but there is no specific information about bakery provision.",NO,There is insufficient evidence of bakery provisions
1656165,Casa Mea,,"177 Fore Street, LONDON, N18 2XB",N18 2XB,NEEDS_CHECK,"No information could be found for ""Casa Mea 177 Fore Street, LONDON, N18 2XB"" to determine bakery provision.",NO,There is insufficient evidence of bakery provisions
1892348,Xquisite Foodz,,"212 Baker Street, ENFIELD, EN1 3JY",EN1 3JY,NEEDS_CHECK,"No information could be found for ""Xquisite Foodz 212 Baker Street, ENFIELD, EN1 3JY"" to determine bakery provision.",NO,There is insufficient evidence of bakery provisions
1895884,Oakwood Local,,N14,N14 ,NEEDS_CHECK,"""Oakwood Local N14"" is too vague; no specific store could be confidently identified.",NO,There is insufficient evidence of bakery provisions
695333,Tesco,Tesco,"7 Green Place, Greenwich, SE10 0PE",SE10 0PE,NEEDS_CHECK,"The specific Tesco at 7 Green Place, Greenwich, SE10 0PE could not be confidently identified as anything other than a general Tesco.",NO,"Though there is evidence online of a bakery section, it does not look like there is an instore bakery"
695528,Tesco,Tesco,"308 Creek Road, Deptford, SE10 9SW",SE10 9SW,NEEDS_CHECK,"The specific Tesco at 308 Creek Road, Deptford, SE10 9SW could not be confidently identified as anything other than a general Tesco.",NO,"Though there is evidence online of a bakery section, it does not look like there is an instore bakery"
747149,Ades Limited,,"132 Nathan Way, Thamesmead, SE28 0AU",SE28 0AU,NEEDS_CHECK,"Ades Limited is described as a supermarket/hypermarket, but there is no specific mention of bakery provision.",NO,"This is largely an african and carribean food store, unlikely for bakery section"
805467,B&M Stores,,"Unit 5 Stone Lake Retail Park 601 Woolwich Road, Greenwich, SE7 8LU",SE7 8LU,NEEDS_CHECK,No evidence of bakery provision for this specific B&M store.,NO,B&M Stores rarely have instore bakeries
940025,Marks & Spencer,M&S,"57 Greenwich Church Street, Greenwich, SE10 9BL",SE10 9BL,NEEDS_CHECK,No specific bakery information found for this M&S Simply Food.,YES,There is evidence on the website of this store having a bakery department
1785624,SIMPLY NATURAL SUPERMARKET,,"366 Rochester Way, Eltham, SE9 6LH",SE9 6LH,NEEDS_CHECK,"Simply Natural Supermarket at this address is listed as dissolved, and there is insufficient current information about bakery provision.",NO,"Though there is evidence online of a bakery section, it does not look like there is an instore bakery"
1805540,Uncle Wang,,"26 - 28 Victoria Parade, Greenwich, SE10 9FR",SE10 9FR,NEEDS_CHECK,"Uncle Wang at this address appears to be an online shop or a general store, with no clear evidence of substantial bakery provision at this specific London location.",NO,There is insufficient evidence of bakery provisions
1805543,allfresh food market,,"3 Woolwich New Road, Woolwich, SE18 6EX",SE18 6EX,NEEDS_CHECK,"There is no specific information available for ""allfresh food market"" at this address to determine bakery provision.",NO,There is insufficient evidence of bakery provisions
1832090,EXPO SUPERMARKET BKGT(AK)LTD,,"33 Herbert Road, Woolwich, SE18 3SZ",SE18 3SZ,NEEDS_CHECK,"There is no specific information available for ""EXPO SUPERMARKET BKGT(AK)LTD"" at this address to determine bakery provision.",NO,There is insufficient evidence of bakery provisions
1938121,BAGDO,,"4 Tudor Parade Well Hall Road, Eltham, SE9 6SX",SE9 6SX,NEEDS_CHECK,There is insufficient information to determine bakery provision for BAGDO.,NO,There is insufficient evidence of bakery provisions
1962419,Waitrose,Waitrose,"Flat 1 Ballard House Thames Street, Greenwich, SE10 9DD",SE10 9DD,NEEDS_CHECK,The specific Waitrose branch at this address could not be confidently identified or verified for bakery provision.,YES,There is sufficient evidence of a bakery stand inside of the store
470436,Dukkon Supermarket,,"159 CLAPTON COMMON, Hackney, E5 9AE",E5 9AE,NEEDS_CHECK,"Dukkon Supermarket is not a well-known chain, and there is insufficient information to determine its bakery provision.",NO,There is insufficient evidence of bakery provisions
1914610,Hamza & Omar supermarket,,"108 Stoke Newington High Street London, Hackney, N16 7NY",N16 7NY,NEEDS_CHECK,Insufficient information to determine substantial bakery provision for Hamza & Omar supermarket.,NO,There is insufficient evidence of bakery provisions
1927864,Square food centre,,"195-197 Rushmore Road London, Hackney, E5 0HD",E5 0HD,NEEDS_CHECK,Insufficient information to determine substantial bakery provision for Square food centre.,NO,There is insufficient evidence of bakery provisions
1935115,Zelal Supermarket,,"10-12 Clunbury Street London, Hackney, N1 6TT",N1 6TT,NEEDS_CHECK,Insufficient information to determine substantial bakery provision for Zelal Supermarket.,NO,There is insufficient evidence of bakery provisions
1961299,Daily Fresh,,"Unit E1 Curie House Wallis Road London, Hackney, E9 5LN",E9 5LN,NEEDS_CHECK,"Daily Fresh is a wholesale bakery, not a customer-facing supermarket.",NO,There is insufficient evidence of bakery provisions
1961308,OLIVRA SUPERMARKET,,"350-352 Queensbridge Road London, Hackney, E8 3AR",E8 3AR,NEEDS_CHECK,Insufficient information to determine bakery provision.,NO,There is insufficient evidence of bakery provisions
346314,Waitrose,Waitrose,"Store E, Westfield London Shopping Centre, Ariel Way, W12 7GA",W12 7GA,NEEDS_CHECK,"The store is a large Waitrose, but specific bakery provision is not detailed.",YES,There is evidence online of a bakery department
1434018,Kkini,,"Unit 8, Mitre Bridge Industrial Park, Mitre Way, W10 6AU",W10 6AU,NEEDS_CHECK,Kkini's business type and bakery provision could not be confidently identified.,NO,There is insufficient evidence of bakery provisions
1707180,Tian Tian Market,,"Unit 1 Ground Floor, Parkside Apartments, Cascade Way, W12 7RD",W12 7RD,NEEDS_CHECK,Tian Tian Market's bakery provision could not be confidently identified.,NO,There is insufficient evidence of bakery provisions
1768961,River Greens,,"295 King Street, London, W6 9NH",W6 9NH,NEEDS_CHECK,There is insufficient information to determine if River Greens has substantial bakery provision.,NO,There is insufficient evidence of bakery provisions
422633,Sainsbury’s,Sainsbury's,"12 Fortis Green Road, Hornsey, London, N10 3HN",N10 3HN,NEEDS_CHECK,Insufficient information to determine substantial bakery provision.,NO,Medium sainsburys store however website shows a lack of bakery mentioned
422949,Sainsbury's,Sainsbury's,"48-54 High Road, Wood Green, London, N22 6BX",N22 6BX,NEEDS_CHECK,Insufficient information to determine substantial bakery provision.,NO,Medium sainsburys store however website shows a lack of bakery mentioned
423331,Tesco Stores,Tesco,Tesco Stores,N22 6BH,NEEDS_CHECK,Insufficient information to determine substantial bakery provision.,NO,"Though there is evidence online of a bakery section, it does not look like there is an instore bakery"
1081598,Ziaronca Delikatesy,,"542-544 Lordship Lane, Wood Green, London, N22 5BY",N22 5BY,NEEDS_CHECK,Insufficient information is available to determine bakery provision for Ziaronca Delikatesy.,NO,"Though there is evidence online of a bakery section, it does not look like there is an instore bakery"
1672683,Sainsbury's,Sainsbury's,"21-23 The Broadway, Hornsey, London, N8 8DU",N8 8DU,NEEDS_CHECK,"The address provided is for a Sainsbury's Local, which typically does not have substantial bakery provision, but the search results also show a Sainsbury's Superstore nearby.",NO,"Though there is evidence online of a bakery section, it does not look like there is an instore bakery"
1679244,Elif Food Centre,,"155 Mount Pleasant Road, Tottenham, N17 6JH",N17 6JH,NEEDS_CHECK,"While listed as a ""supermarkets/hypermarkets"" business type, there is no specific mention of bakery provision for this exact location.",NO,There is insufficient evidence of bakery provisions
1751185,Antalya Supermarket,,"717-719 Seven Sisters Road, Tottenham, N15 5JT",N15 5JT,NEEDS_CHECK,"While listed as a supermarket, there is no specific information about bakery provision for Antalya Supermarket.",NO,There is insufficient evidence of bakery provisions
1768934,Lock 17 Wholefoods,,"Unit 1 Navigation Point 2, Hale Wharf, Ferry Lane, N17 9LW",N17 9LW,NEEDS_CHECK,"Lock 17 Wholefoods is identified as a supermarket, but there is no information available regarding its bakery provision.",NO,There is insufficient evidence of bakery provisions
1797988,Ally pally food store Ltd,,"3 St Michaels Terrace, Wood Green, N22 7SJ",N22 7SJ,NEEDS_CHECK,"Ally Pally Food Store Ltd is listed as a supermarket, but there is no information about its bakery provision.",NO,There is insufficient evidence of bakery provisions
1805818,International Food Centre,,"4 Vicarage Parade, West Green Road, Tottenham, N15 3BL",N15 3BL,NEEDS_CHECK,"International Food Centre is listed as a supermarket/hypermarket, but there is no information about its bakery provision.",NO,There is insufficient evidence of bakery provisions
1834922,Jiahe Market,,"Unit 1b, York House, Whymark Avenue, N22 6DJ",N22 6DJ,NEEDS_CHECK,"Jiahe Market is listed as a supermarket, but there is no information available regarding its bakery provision.",NO,There is insufficient evidence of bakery provisions
1839439,Merca Express Latino,,"245 High Road, Tottenham, London, N15 5BT",N15 5BT,NEEDS_CHECK,"The business appears to be a small local shop, but specific bakery provision is not detailed.",NO,There is insufficient evidence of bakery provisions
1922896,Rojin Supermarket,,"192-194 West Green Road, Tottenham, London, N15 5AG",N15 5AG,NEEDS_CHECK,"Rojin Supermarket is identified as a retailer, but specific bakery provision is not detailed.",NO,There is insufficient evidence of bakery provisions
1946155,Olive Tree,,"131-137 Turnpike Lane, Wood Green, London, N8 0DU",N8 0DU,NEEDS_CHECK,"Olive Tree is listed as a supermarket/hypermarket, but specific bakery provision is not detailed.",NO,There is insufficient evidence of bakery provisions
1946158,Park Road Stores LTD,,"306 Park Road, Hornsey, London, N8 8LA",N8 8LA,NEEDS_CHECK,"Park Road Stores LTD is a private limited company, and there is no information about it being a customer-facing supermarket with bakery provision.",NO,There is insufficient evidence of bakery provisions
748008,Northwest Market,,"293-295 Station Road, Harrow, HA1 2TA",HA1 2TA,NEEDS_CHECK,There is insufficient information to determine if Northwest Market has substantial bakery provision.,NO,There is insufficient evidence of bakery provisions
816504,Royal Food & Wine,,"17 Belmont Circle, Belmont, HA3 8RF",HA3 8RF,NEEDS_CHECK,There is insufficient information to determine if Royal Food & Wine has substantial bakery provision.,NO,There is insufficient evidence of bakery provisions
1095787,Stejarul,,"3 Kenton Park Parade, Kenton Road, HA3 8DQ",HA3 8DQ,NEEDS_CHECK,There is insufficient information to determine if Stejarul has substantial bakery provision.,NO,There is insufficient evidence of bakery provisions
1104121,Emma Market,,"26 Broadwalk, Pinner Road, HA2 6ED",HA2 6ED,NEEDS_CHECK,There is insufficient information to determine if Emma Market has substantial bakery provision.,NO,There is insufficient evidence of bakery provisions
1158244,Freshland,,"21 High Street, Wealdstone, HA3 5BY",HA3 5BY,NEEDS_CHECK,"Freshland is identified as a supermarket/hypermarket, but there is no specific information about bakery provision.",NO,There is insufficient evidence of bakery provisions
1672058,Lucky's Food and Wine LTD,,HA3,HA3 ,NEEDS_CHECK,"The exact address for Lucky's Food and Wine LTD is listed as a ""Private address: Registered with Harrow local authority. HA3"", making it difficult to verify specific bakery provision.",NO,There is insufficient evidence of bakery provisions
1772472,Bharatiya Cash and Carry,,"178 Alexandra Avenue, Harrow, HA2 9BN",HA2 9BN,NEEDS_CHECK,Insufficient information to determine bakery provision.,NO,There is insufficient evidence of bakery provisions
1863308,Stejarul,,"128 Kenton Road, Harrow, HA3 8AL",HA3 8AL,NEEDS_CHECK,"Business is listed as a supermarket/hypermarket, but no specific bakery details are available.",NO,There is insufficient evidence of bakery provisions
1932904,Accomplished Group,,"Greenford House 38 Greenford Road, Harrow, HA1 3QH",HA1 3QH,NEEDS_CHECK,"Business is listed as a supermarket/hypermarket, but no specific bakery details are available.",NO,There is insufficient evidence of bakery provisions
626953,Sainsbury's,Sainsbury's,"137-141 North Street, Romford, RM1 4QA",RM1 4QA,NEEDS_CHECK,"The specific Sainsbury's at this address is identified as a supermarket, but there is no explicit mention of bakery provision.",NO,"Though there is evidence online of a bakery section, it does not look like there is an instore bakery"
1415564,Midpoint Food Store,,"St Nicholas Avenue, Hornchurch, RM12 4RH",RM12 4RH,NEEDS_CHECK,"There is insufficient information to confidently identify ""Midpoint Food Store"" or its bakery provision.",NO,There is insufficient evidence of bakery provisions
1622662,Sainsbury's,Sainsbury's,"14 Halewood Way, Rainham, RM13 8QZ",RM13 8QZ,NEEDS_CHECK,Insufficient information to determine bakery provision for this specific Sainsbury's location.,NO,"Though there is evidence online of a bakery section, it does not look like there is an instore bakery"
1747237,Tesco Stores Plc,Tesco,"Consul Avenue, Rainham, RM13 8GJ",RM13 8GJ,NEEDS_CHECK,Insufficient information to determine bakery provision for this specific Tesco location.,NO,This seems to be a distribution centre
1842122,Costcutter,,"181 High Street, Hornchurch, RM11 3XS",RM11 3XS,NEEDS_CHECK,Insufficient information to determine bakery provision for this specific Costcutter location.,NO,This is a convenience store
1894126,Rainham Food Centre,,"131 Mungo Park Road, Rainham, RM13 7PP",RM13 7PP,NEEDS_CHECK,"Rainham Food Centre is listed as a supermarket/hypermarket, but there is no specific mention of bakery provision.",NO,This is a convenience store
1943948,African Green Grocery,,"82 South Street, Romford, RM1 1RX",RM1 1RX,NEEDS_CHECK,"African Green Grocery is a limited company registered at this address, but there is no evidence of substantial bakery provision.",NO,There is insufficient evidence of bakery provisions
519542,Tesco,Tesco,"Vantage Building, Station Approach, UB3 4BH",UB3 4BH,NEEDS_CHECK,"The store type for this specific address could not be definitively identified, though nearby Tesco Express stores are listed.",NO,"Though there is evidence online of a bakery section, it does not look like there is an instore bakery"
682348,Sainsbury's Supermarkets Ltd,Sainsbury's,"Unit 1 Hampstead House, 2 Spring Promenade, UB7 9GL",UB7 9GL,NEEDS_CHECK,"The exact branch of Sainsbury's at Unit 1 Hampstead House, 2 Spring Promenade, UB7 9GL could not be confidently identified as a larger supermarket or a smaller Local format with substantial bakery provision.",NO,"Though there is evidence online of a bakery section, it does not look like there is an instore bakery"
962745,B&M Retail Stores,,"428b Victoria Road, HA4 0EH",HA4 0EH,NEEDS_CHECK,"B&M Retail Stores at 428b Victoria Road, HA4 0EH, is a general merchandise retailer, and there is no evidence of substantial bakery provision.",NO,B&M Stores rarely have instore bakeries
988167,Tesco,Tesco,"82-86 Pield Heath Road, UB8 3NJ",UB8 3NJ,NEEDS_CHECK,Tesco store details for this specific address were not found.,NO,"Though there is evidence online of a bakery section, it does not look like there is an instore bakery"
1229448,Sainsbury's,Sainsbury's,"Waterside, Speedbird Way, UB7 0GA",UB7 0GA,NEEDS_CHECK,Sainsbury's store details for this specific address were not found.,NO,"Though there is evidence online of a bakery section, it does not look like there is an instore bakery"
489984,Heston Supermarket,,"162-164 Brabazon Road, Hounslow, TW5 9LP",TW5 9LP,NEEDS_CHECK,There is insufficient information to identify the specific store or its bakery provision.,NO,There is insufficient evidence of bakery provisions
707319,Costco Wholesale,,"Costco, Hayes Road, Southall, UB2 5XX",UB2 5XX,NEEDS_CHECK,"While Costco warehouses typically have bakeries, specific information for this location's bakery provision was not found.",YES,"This is a costco warehouse and as a result very likely to have a bakery, images agree with this point"
892957,Waitrose,Waitrose,"Grant Way, Isleworth, TW7 5QD",TW7 5QD,NEEDS_CHECK,Specific bakery provision for this Waitrose branch could not be confidently identified.,NO,This branch could not be identified in this location
1616449,Kujawiak,,"112 High Street, Hounslow",,NEEDS_CHECK,"The postcode for Kujawiak is unknown, and there is insufficient information to identify the exact branch or its bakery provision.",YES,There is a substantial bakery section that is claimed to be fresh daily
416295,Tesco,Tesco,"Tesco, 1 Brewhouse Yard, London, EC1V 4JD",EC1V 4JD,NEEDS_CHECK,"The specific Tesco at 1 Brewhouse Yard, EC1V 4JD could not be confidently identified as a large format store with substantial bakery provision.",NO,"Though there is evidence online of a bakery section, it does not look like there is an instore bakery"
416316,Tesco,Tesco,"Tesco, 43 Holloway Road, London, N7 8JP",N7 8JP,NEEDS_CHECK,"The specific Tesco at 43 Holloway Road, N7 8JP could not be confidently identified as a large format store with substantial bakery provision.",NO,"Though there is evidence online of a bakery section, it does not look like there is an instore bakery"
416882,Tesco,Tesco,"Tesco, 109-115 Stroud Green Road, London, N4 3PX",N4 3PX,NEEDS_CHECK,"The specific Tesco at 109-115 Stroud Green Road, N4 3PX could not be confidently identified as a large format store with substantial bakery provision.",NO,"Though there is a superstore tesco, their website does not state that there is a bakery which they typically would"
417026,Sainsbury's,Sainsbury's,"Sainsbury's, Ground Floor 641 - 643, 641-645 Holloway Road, N19 5SS",N19 5SS,NEEDS_CHECK,"The Sainsbury's at 641-645 Holloway Road is listed as a ""Local"" format, but there is no specific mention of bakery provision.",NO,"Though there is evidence online of a bakery section, it does not look like there is an instore bakery"
559404,Tesco,Tesco,"Tesco, Commercial Unit, 291-295 Hornsey Road",,NEEDS_CHECK,Postcode is unknown and specific store details are limited.,NO,"Though there is evidence online of a bakery section, it does not look like there is an instore bakery"
570641,Sainsbury's,Sainsbury's,"Sainsbury's, The Parade, 15 Stroud Green Road, N4 3ED",N4 3ED,NEEDS_CHECK,"The Sainsbury's store locator does not specify bakery provision for this ""Local"" format store.",NO,"Though there is evidence online of a bakery section, it does not look like there is an instore bakery"
735147,Sainsbury's,Sainsbury's,"Sainsbury's, 266-268 Pentonville Road, London, N1 9JY",N1 9JY,NEEDS_CHECK,"The Sainsbury's store locator does not specify bakery provision for this ""Local"" format store.",NO,"Though there is evidence online of a bakery section, it does not look like there is an instore bakery"
851565,Tesco,Tesco,"Tesco, Basement and Ground, 627-635 Holloway Road, N19 5SU",N19 5SU,NEEDS_CHECK,"The Tesco store locator does not specify bakery provision for this ""Express"" format store.",NO,"Though there is evidence online of a bakery section, it does not look like there is an instore bakery"
1047237,Tesco,Tesco,"Tesco, 272-280 New North Road, London, N1 8SY",N1 8SY,NEEDS_CHECK,Insufficient information to determine bakery provision for this specific Tesco location.,NO,"Though there is evidence online of a bakery section, it does not look like there is an instore bakery"
1171222,Marks & Spencer,M&S,"Marks & Spencer, Hill House, 17 Highgate Hill",,NEEDS_CHECK,"The postcode for this Marks & Spencer is unknown, making it difficult to verify the specific store and its bakery provision.",YES,This is a M&S Food Hall and online it features a Bakery
1763588,Asda,Asda,"Asda, The Arsenal Shop, 6-9 Station Place, N4 2DH",N4 2DH,NEEDS_CHECK,"The address ""The Arsenal Shop"" suggests this might be a concession or a very small format store, and there is no evidence of substantial bakery provision.",NO,"Though there is evidence online of a bakery section, it does not look like there is an instore bakery"
1971496,Lav Whole Foods,,"Lav Whole Foods, Ground Floor, 691 Holloway Road, N19 5SE",N19 5SE,NEEDS_CHECK,There is insufficient information to confirm bakery provision for Lav Whole Foods.,NO,This is a convenience store
334836,Sainsbury's,Sainsbury's,"2 Canal Way, LONDON, W10 5AZ",W10 5AZ,NEEDS_CHECK,Insufficient evidence to confirm substantial bakery provision for this specific Sainsbury's.,YES,There is substantial evidence online and through images that there is a bakery section instore
334983,Tesco,Tesco,"459 Fulham Road, LONDON, SW10 9UZ",SW10 9UZ,NEEDS_CHECK,Insufficient evidence to confirm substantial bakery provision for this specific Tesco.,NO,"Though there is evidence online of a bakery section, it does not look like there is an instore bakery"
1385286,Tesco,Tesco,"Ground Floor, Apex Tower, 7 High Street, KT3 4DQ",KT3 4DQ,NEEDS_CHECK,"The postcode KT3 4DQ is for New Malden, not London, and further details for this specific Tesco are not readily available.",NO,"Though there is evidence online of a bakery section, it does not look like there is an instore bakery"
1385312,Tesco,Tesco,"Quebec House, 1 Cromwell Road, Kingston Upon Thames, KT2 6BJ",KT2 6BJ,NEEDS_CHECK,The specific Tesco store at this address could not be confidently identified as a large format with substantial bakery provision.,NO,"Though there is evidence online of a bakery section, it does not look like there is an instore bakery"
1385812,Cambridge International,,"138-140 Cambridge Road, Kingston Upon Thames, KT1 3LE",KT1 3LE,NEEDS_CHECK,"""Cambridge International"" at this address appears to be an educational institution, not a grocery store.",NO,There is insufficient evidence of bakery provisions
1385878,Longdan Express,,"17 Wood Street, Kingston Upon Thames, KT1 1TY",KT1 1TY,NEEDS_CHECK,"Longdan Express is an Asian supermarket, but there is insufficient evidence to confirm substantial customer-facing bakery provision at this specific branch.",NO,There is insufficient evidence of bakery provisions
1386000,BM Superstore,,"2 Regent House, Hawks Road, Kingston Upon Thames, KT1 3DG",KT1 3DG,NEEDS_CHECK,No specific information about bakery provision for BM Superstore was found.,NO,There is insufficient evidence of bakery provisions
1386190,Seoul Plaza,,"36 High Street, New Malden, KT3 4HE",KT3 4HE,NEEDS_CHECK,No specific information about bakery provision for Seoul Plaza was found.,NO,There is insufficient evidence of bakery provisions
1386250,Asda Stores Limited,Asda,"142 London Road, Kingston Upon Thames, KT2 6QL",KT2 6QL,NEEDS_CHECK,"Asda Kingston on Thames is a supermarket, but no specific mention of substantial bakery provision was found.",YES,There is sufficient evidence including images of a bakery section and department in store as well as online
1386310,Suroor Market,,"101 - 115 Robin Hood Way, Kingston Vale, SW15 3QE",SW15 3QE,NEEDS_CHECK,Insufficient information to determine bakery provision.,NO,There is insufficient evidence of bakery provisions
1386391,H Mart Europe,,"Unit 1, Leigh Close, New Malden, KT3 3NW",KT3 3NW,NEEDS_CHECK,Insufficient information to determine bakery provision.,NO,There is insufficient evidence of bakery provisions
1488272,Sainsburys,Sainsbury's,"118 Raeburn Avenue, Surbiton, KT5 9EA",KT5 9EA,NEEDS_CHECK,Insufficient information to determine bakery provision.,NO,"Though there is evidence online of a bakery section, it does not look like there is an instore bakery"
1640868,ADA Food Centre,,"36 Cambridge Road, Kingston Upon Thames, KT1 3JY",KT1 3JY,NEEDS_CHECK,"ADA Food Centre is a Turkish supermarket, but there is no specific mention of substantial bakery provision.",NO,There are minimal baked sweets however there is no evidence on instore bakery
1650389,Everyday Local,,"51 Cambridge Road, Kingston Upon Thames, KT1 3NS",KT1 3NS,NEEDS_CHECK,Insufficient information to identify the store or its bakery provision.,NO,There is insufficient evidence of bakery provisions
1875273,Loon Fung,,"124 - 130 High Street, New Malden, KT3 4EP",KT3 4EP,NEEDS_CHECK,"Loon Fung is an oriental supermarket, but specific bakery provision is not detailed.",NO,There is insufficient evidence of bakery provisions
482978,Sainsbury's,Sainsbury's,"23 Balham Hill, London, SW12 9DY",SW12 9DY,NEEDS_CHECK,No specific bakery information is available for Sainsbury's at 23 Balham Hill.,NO,"Though there is evidence online of a bakery section, it does not look like there is an instore bakery"
483259,Tesco,Tesco,"330 Brixton Road, London, SW9 7AA",SW9 7AA,NEEDS_CHECK,"The Tesco at 330 Brixton Road is listed as an Esso Express, which typically lacks substantial bakery provision, but specific bakery details are not available.",NO,"Though there is evidence online of a bakery section, it does not look like there is an instore bakery"
483314,Tesco,Tesco,"Block F St George Wharf London, London",,NEEDS_CHECK,"The postcode is unknown, and ""Block F St George Wharf London"" is not specific enough to identify a particular Tesco store and its bakery provision.",NO,"Though there is evidence online of a bakery section, it does not look like there is an instore bakery"
483502,Tesco,Tesco,"214 Wandsworth Road, London, SW8 2JU",SW8 2JU,NEEDS_CHECK,The Tesco at 214 Wandsworth Road could not be confidently identified with specific bakery provision details.,NO,"Though there is evidence online of a bakery section, it does not look like there is an instore bakery"
517198,Sainsbury's,Sainsbury's,"36-38 Abbeville Road, London, SW4 9NG",SW4 9NG,NEEDS_CHECK,Sainsbury's store details for this specific address were not found.,NO,"Though there is evidence online of a bakery section, it does not look like there is an instore bakery"
517203,Waitrose Ltd,Waitrose,"5 The Pavement, London, SW4 0HY",SW4 0HY,NEEDS_CHECK,Specific store details for this Waitrose branch were not found.,NO,"Though there is evidence online of a bakery section, it does not look like there is an instore bakery"
590866,Waitrose,Waitrose,"3 Bondway, London, SW8 1SJ",SW8 1SJ,NEEDS_CHECK,Specific store details for this Waitrose branch were not found.,NO,"Though there is evidence online of a bakery section, it does not look like there is an instore bakery"
606760,Sainsbury's,Sainsbury's,"379 Brixton Road, London, SW9 7DE",SW9 7DE,NEEDS_CHECK,Sainsbury's store details for this specific address were not found.,NO,"Though there is evidence online of a bakery section, it does not look like there is an instore bakery"
665343,Sainsbury's,Sainsbury's,"2 Tulse Hill, London, SW2 2TP",SW2 2TP,NEEDS_CHECK,Sainsbury's store details for this specific address were not found.,YES,There is evidence on their website of a bakery available inside the store
988828,Sainsburys,Sainsbury's,"107 Westminster Bridge Road, London, SE1 7HR",SE1 7HR,NEEDS_CHECK,Insufficient information to determine bakery provision for this specific Sainsbury's.,NO,"Though there is evidence online of a bakery section, it does not look like there is an instore bakery"
1094396,Mark & Spencer,,"Unit 1C Building 1 Southbank Place, London, SE1",,NEEDS_CHECK,The exact M&S branch could not be confidently identified with sufficient detail for bakery provision.,YES,There are images and online evidence that there is an instore bakery at this location
1317391,Budgens,,"112 - 114 Coldharbour Lane, London, SE5 9PZ",SE5 9PZ,NEEDS_CHECK,Insufficient information to determine bakery provision for this specific Budgens.,NO,There is insufficient evidence of bakery provisions
1598650,Sainsbury's Supermarkets Ltd.,Sainsbury's,"Sainsbury's Central Square, Lewisham Shopping Centre, Molesworth Street, SE13 7HB",SE13 7HB,NEEDS_CHECK,"While Sainsbury's Lewisham Shopping Centre is a supermarket, there is no specific mention of substantial bakery provision for this exact location.",YES,There is evidence on their website of a bakery available inside the store
1598992,Tesco Stores Plc,Tesco,"Tesco, 480-486 Bromley Road, London, BR1 4PB",BR1 4PB,NEEDS_CHECK,Insufficient information to determine bakery provision for this specific Tesco.,NO,"Though there is evidence online of a bakery section, it does not look like there is an instore bakery"
1600655,KGEB Community Supernarket,,SE26,SE26,NEEDS_CHECK,The postcode SE26 is too broad to identify a specific store and assess bakery provision.,NO,There is insufficient evidence of bakery provisions
1662779,Superstore,,"105 St Mildreds Road, London, SE12 0RL",SE12 0RL,NEEDS_CHECK,"The address ""105 St Mildreds Road, London, SE12 0RL"" appears to be a motorcycle shop, not a supermarket.",NO,There is insufficient evidence of bakery provisions
232110,Tesco,Tesco,"120 Wimbledon Hill Road, Wimbledon",,NEEDS_CHECK,"The postcode is unknown, and ""120 Wimbledon Hill Road, Wimbledon"" is not specific enough to identify a Tesco store with bakery provision.",NO,"Though there is evidence online of a bakery section, it does not look like there is an instore bakery"
640326,Tesco,Tesco,"36 - 40 Barking Road, East Ham, London, E6 3BP",E6 3BP,NEEDS_CHECK,Insufficient information is available to determine the bakery provision for this specific Tesco location.,NO,"Though there is evidence online of a bakery section, it does not look like there is an instore bakery"
640420,Tesco,Tesco,"326 Katherine Road, Forest Gate, London, E7 8PG",E7 8PG,NEEDS_CHECK,Insufficient information to confirm the specific store format and bakery provision.,NO,"Though there is evidence online of a bakery section, it does not look like there is an instore bakery"
640543,Marks & Spencer,M&S,"43 The Arcade, Westfield Stratford City, Montfichet Road, E20 1EH",E20 1EH,NEEDS_CHECK,Insufficient information to confirm the specific M&S store format and bakery provision.,YES,This is a large M&S with images and online evidence of a large bakery section and sufficient provision
1010367,Sainsburys - Unit G,Sainsbury's,"11 Royal Crest Avenue, Silvertown, London, E16 2PG",E16 2PG,NEEDS_CHECK,The exact branch could not be confidently identified as a substantial supermarket.,NO,"Though there is evidence online of a bakery section, it does not look like there is an instore bakery"
1844764,Asian Grocery Point,,"430 High Street North, Manor Park, London, E12 6RH",E12 6RH,NEEDS_CHECK,There is no specific information about bakery provision for Asian Grocery Point.,NO,There is insufficient evidence of bakery provisions
1927090,E7 Supermarket,,"323 Romford Road, Forest Gate, London, E7 9HA",E7 9HA,NEEDS_CHECK,There is no specific information about bakery provision for E7 Supermarket.,NO,There is insufficient evidence of bakery provisions
443102,Sainsbury's,Sainsbury's,"Units 1 And 2, King George Avenue, IG2 7SH",IG2 7SH,NEEDS_CHECK,"The specific Sainsbury's at this address is not clearly identified as a superstore or local, and no bakery information is available.",YES,There is evidence on their website of a bakery available inside the store
443420,Quality Foods,,"118-126 Ilford Lane, IG1 2LE",IG1 2LE,NEEDS_CHECK,"Quality Foods is identified as a supermarket, but there is no specific mention of bakery provision.",NO,There is insufficient evidence of bakery provisions
443794,Sainsbury's,Sainsbury's,"555-557 Cranbrook Road, IG2 6HE",IG2 6HE,NEEDS_CHECK,"No specific Sainsbury's at this address, and no information on bakery provision.",NO,"Though there is evidence online of a bakery section, it does not look like there is an instore bakery"
1659343,B B Fatima Cash and Carry,,"1171 High Road, RM6 4AL",RM6 4AL,NEEDS_CHECK,There is insufficient information to determine bakery provision for B B Fatima Cash and Carry.,NO,There is insufficient evidence of bakery provisions
1574197,Tesco,Tesco,"4 Station Parade, Richmond",,NEEDS_CHECK,"The exact Tesco branch could not be confidently identified without a postcode, and therefore bakery provision is unclear.",NO,"Though there is evidence online of a bakery section, it does not look like there is an instore bakery"
1690045,Marks & Spencer,M&S,"5 Bessant Drive, Richmond",,NEEDS_CHECK,"The postcode for Marks & Spencer 5 Bessant Drive, Richmond is unknown, making it difficult to verify the exact store and its bakery provision.",YES,There is sufficient evidence in images and online to prove that there is substantial bakery provisions
1931904,Richmond food centre,,"2 The Parade Lower Richmond Road, Richmond, TW9 4LX",TW9 4LX,NEEDS_CHECK,"""Richmond food centre 2 The Parade Lower Richmond Road, Richmond, TW9 4LX"" is not clearly identifiable as a major supermarket with substantial bakery provision.",NO,There is insufficient evidence of bakery provisions
364904,Marks and spencer,M&S,"Unit 3, 6, More London Place, SE1 2DA",SE1 2DA,NEEDS_CHECK,Insufficient information to determine bakery provision for this specific M&S location.,YES,This is a medium M&S with images and online evidence of a large bakery section and sufficient provision
467672,Daily fresh supermarket,,"48, East Street, SE17 2DN",SE17 2DN,NEEDS_CHECK,Insufficient information to determine bakery provision for this independent supermarket.,NO,There is insufficient evidence of bakery provisions
745075,Sainsbury's,Sainsbury's,"171, Long Lane, SE1 4PN",SE1 4PN,NEEDS_CHECK,"The Sainsbury's store locator does not specify bakery provision for this ""Local"" format.",NO,"Though there is evidence online of a bakery section, it does not look like there is an instore bakery"
1316501,Unity traders limited,,"Warehouse, 310-326, St Jamess Road, SE1 5JX",SE1 5JX,NEEDS_CHECK,"Unity Traders Limited appears to be a wholesaler or a supermarket specializing in Afro-Caribbean foods, with no specific bakery information.",NO,There is insufficient evidence of bakery provisions
1608594,Wyndham supermarket,,"Unit A Gwen Morris House, Wyndham Road, SE5 0AD",SE5 0AD,NEEDS_CHECK,No specific information about bakery provision could be found for this independent supermarket.,NO,This is a convenience store
1727200,Borough supermarket,,"Basement And Ground Floor, 214-216, Borough High Street, SE1 1JX",SE1 1JX,NEEDS_CHECK,Insufficient information to determine bakery provision for Borough Supermarket.,NO,This is a convenience store
1843408,Shop 19,,"Units 1 And 2, 19-19a, Great Guildford Street, SE1 9EZ",SE1 9EZ,NEEDS_CHECK,"""Shop 19"" is identified as a supermarket/hypermarket, but there is no information about bakery provision.",NO,There is insufficient evidence of bakery provisions
1884690,Seehra supermarket,,"Ground Floor Front, 154, Camberwell Road, SE5 0EE",SE5 0EE,NEEDS_CHECK,Insufficient information to determine bakery provision for Sehra Supermarket.,NO,This is an off-license
1916372,Rye afro & caribbean foods,,"143, Rye Lane, SE15 4ST",SE15 4ST,NEEDS_CHECK,Insufficient information to determine bakery provision.,NO,There is insufficient evidence of bakery provisions
1965191,La fama butcher ltd,,"55, Camberwell Road, SE5 0EZ",SE5 0EZ,NEEDS_CHECK,"Primarily a butcher, no evidence of substantial bakery provision.",NO,There is insufficient evidence of bakery provisions
745039,Marks And Spencer,M&S,"144 - 146 High Street, Sutton, SM1 1NQ",SM1 1NQ,NEEDS_CHECK,"M&S Sutton High Street is a larger store, but specific bakery provision is not detailed.",YES,There is evidence in images online of a dedicated bakery section
860656,Wallington  Food Centre,,"120 - 124 Manor Road, Wallington, SM6 0DS",SM6 0DS,NEEDS_CHECK,"""Wallington Food Centre"" is not a recognized chain, and there is insufficient information to verify bakery provision.",NO,There is insufficient evidence of bakery provisions
943552,Holland Bazaar Cash And Carry,,"Unit 1, Beddington Cross, 136 - 138 Beddington Farm Road, CR0 4XH",CR0 4XH,NEEDS_CHECK,There is insufficient information to determine bakery provision for Holland Bazaar Cash And Carry.,NO,There is insufficient evidence of bakery provisions
1582222,OKOK Supermarket,,"66-72 Grove Road, Sutton, SM1 1BT",SM1 1BT,NEEDS_CHECK,There is insufficient information to determine bakery provision for OKOK Supermarket.,NO,There is insufficient evidence of bakery provisions
1673388,Sutton Food Centre,,"6 High Street, Sutton, SM1 1HN",SM1 1HN,NEEDS_CHECK,There is insufficient information to determine bakery provision for Sutton Food Centre.,NO,There is insufficient evidence of bakery provisions
1904418,Seewoo Supermarket,,"Unit 4 Level 1, Times Square Shopping Centre, High Street, SM1 1LF",SM1 1LF,NEEDS_CHECK,There is insufficient information to determine bakery provision for Seewoo Supermarket.,NO,There is insufficient evidence of bakery provisions
67311,Tesco,Tesco,"Tesco  Westward Parade, Pepper Street, London, E14 9DZ",E14 9DZ,NEEDS_CHECK,"The specific store ""Tesco Westward Parade, Pepper Street, London, E14 9DZ"" could not be confidently identified as a larger format store with substantial bakery provision.",NO,"Though there is evidence online of a bakery section, it does not look like there is an instore bakery"
99704,Tesco,Tesco,"Tesco  Black Lion House, 45 Whitechapel Road, London, E1 1DU",E1 1DU,NEEDS_CHECK,"The specific store ""Tesco Black Lion House, 45 Whitechapel Road, London, E1 1DU"" could not be confidently identified as a larger format store with substantial bakery provision.",NO,"Though there is evidence online of a bakery section, it does not look like there is an instore bakery"
131663,Tesco,Tesco,"Tesco, 226-228 Commercial Road, London, E1 2NB",E1 2NB,NEEDS_CHECK,"The specific Tesco format (e.g., Express, Metro, Superstore) for this address is not clearly stated, making bakery provision uncertain.",NO,"Though there is evidence online of a bakery section, it does not look like there is an instore bakery"
307970,Tesco,Tesco,"Tesco, 1 Landmark Square, London, E14 9AB",E14 9AB,NEEDS_CHECK,"The specific Tesco format for this address is not clearly stated, making bakery provision uncertain.",NO,"Though there is evidence online of a bakery section, it does not look like there is an instore bakery"
362433,Tesco,Tesco,"Tesco, 4 Fieldgate Street, London, E1 1ES",E1 1ES,NEEDS_CHECK,"The specific Tesco format for this address is not clearly stated, making bakery provision uncertain.",NO,"Though there is evidence online of a bakery section, it does not look like there is an instore bakery"
583280,Tesco,Tesco,"Tesco, 3 Commercial Street, London, E1 6BF",E1 6BF,NEEDS_CHECK,No specific bakery information found for this Tesco Express.,NO,"Though there is evidence online of a bakery section, it does not look like there is an instore bakery"
770190,Tesco,Tesco,"Tesco, 571 Manchester Road, London, E14 3NX",E14 3NX,NEEDS_CHECK,No specific bakery information found for this Tesco.,NO,"Though there is evidence online of a bakery section, it does not look like there is an instore bakery"
811135,Tesco,Tesco,"Tesco, 1 St Katharines Way, London, E1W 1TW",E1W 1TW,NEEDS_CHECK,No specific bakery information found for this Tesco.,NO,"Though there is evidence online of a bakery section, it does not look like there is an instore bakery"
1425378,Sainsbury's,Sainsbury's,"Sainsbury's, 50 Hopewell Square, London, E14 0SY",E14 0SY,NEEDS_CHECK,Insufficient information to determine bakery provision for this specific Sainsbury's.,NO,"Though there is evidence online of a bakery section, it does not look like there is an instore bakery"
1530406,Easy As Fresh Ltd,,"Unit 1, 18 Plumbers Row, London, E1 1EP",E1 1EP,NEEDS_CHECK,"No specific information found for ""Easy As Fresh Ltd"" at the given address regarding bakery provision.",NO,This is a convenience store
1899096,Ban Duo Duo,,"Ban Duo Duo, 40 Millharbour, London, E14 9JS",E14 9JS,NEEDS_CHECK,Insufficient information to determine bakery provision for this specific business.,NO,There is no evidence of a dedicated bakery area
514259,Costco,,"Costco Wholesale Warehouse 1 Shadbolt Avenue, Chingford, E4 8GP",E4 8GP,NEEDS_CHECK,"Costco is a warehouse club, and while it sells bakery items, it's unclear if this specific location has substantial customer-facing bakery provision as defined.",YES,"This is a costco warehouse and as a result very likely to have a bakery, images agree with this point"
1968650,Grogreen,,"3 - 5 Market Parade Forest Road, Walthamstow, E17 6DY",E17 6DY,NEEDS_CHECK,There is insufficient information available to determine bakery provision for Grogreen.,NO,This is a local grocers and off-license
1571458,Waitrose,Waitrose,"322 Queenstown Road, London, SW8 4LT",SW8 4LT,NEEDS_CHECK,"The address is for a Little Waitrose at a Shell petrol station, which typically lacks substantial bakery provision, but specific bakery details are not available.",NO,"Though there is evidence online of a bakery section, it does not look like there is an instore bakery"
1571875,MARTIN STORES UK PVT LTD,,"164B Mitcham Road, London, SW17 9NJ",SW17 9NJ,NEEDS_CHECK,"This appears to be a private company, not a supermarket, and bakery provision is not mentioned.",NO,There is no evidence of a dedicated bakery area
1572274,Tesco Stores Ltd,Tesco,"275 - 277 Battersea Park Road, London, SW11 4NE",SW11 4NE,NEEDS_CHECK,The specific Tesco store at this address could not be confidently identified as having substantial bakery provision.,NO,"Though there is evidence online of a bakery section, it does not look like there is an instore bakery"
1573065,Tesco Stores,Tesco,"Commodore House Juniper Drive, London",,NEEDS_CHECK,"The postcode is missing, making it difficult to identify the exact store and its bakery provision.",NO,"Though there is evidence online of a bakery section, it does not look like there is an instore bakery"
1588867,Tesco,Tesco,"1 St Georges Grove, London, SW17 0PZ",SW17 0PZ,NEEDS_CHECK,Insufficient information to determine bakery provision for this specific Tesco.,NO,"Though there is evidence online of a bakery section, it does not look like there is an instore bakery"
1632578,Tesco,Tesco,"129 - 133 Mitcham Road, London, SW17 9PE",SW17 9PE,NEEDS_CHECK,Insufficient information to determine bakery provision for this specific Tesco.,NO,"Though there is evidence online of a bakery section, it does not look like there is an instore bakery"
1693438,Tesco Stores Limited,Tesco,"131 - 133 Beaumont Road, London, SW19 6RY",SW19 6RY,NEEDS_CHECK,The specific Tesco format for this address could not be definitively determined.,NO,"Though there is evidence online of a bakery section, it does not look like there is an instore bakery"
1950550,Sainsburys Ltd,Sainsbury's,"111 York Road, London, SW11 3JX",SW11 3JX,NEEDS_CHECK,The specific Sainsbury's format for this address could not be definitively determined.,NO,"Though there is evidence online of a bakery section, it does not look like there is an instore bakery"
411026,Marks And Spencer,M&S,"169-173 OXFORD STREET, LONDON, W1D 2JR",W1D 2JR,NEEDS_CHECK,"The M&S Oxford Street store at W1D 2JR is a large department store, but specific bakery provision is not detailed.",YES,There is an evidenced bakery department within this store
411057,Marks and Spencer,M&S,"456-472 OXFORD STREET, LONDON, W1C 1AP",W1C 1AP,NEEDS_CHECK,"The M&S Oxford Street store at W1C 1AP is a large department store, but specific bakery provision is not detailed.",YES,There is an evidenced bakery department within this store
412313,Tesco,Tesco,"UNIT A AND B PORTCULLIS HOUSE BRIDGE STREET, LONDON, SW1A 2LW",SW1A 2LW,NEEDS_CHECK,"The Tesco at Portcullis House, SW1A 2LW, is likely a small format given its location, but specific bakery details are not available.",NO,"Though there is evidence online of a bakery section, it does not look like there is an instore bakery"
413891,Sainsbury's,Sainsbury's,"29-35 MORTIMER STREET, LONDON, W1T 3JE",W1T 3JE,NEEDS_CHECK,"The specific Sainsbury's Local at 29-35 Mortimer Street, W1T 3JE, does not have explicit mention of bakery provision on its store information.",NO,Inactive
414192,Tesco,Tesco,"BASEMENT AND GROUND FLOOR EAST WELLINGTON HOUSE 125-130 STRAND, LONDON, WC2R 0AP",WC2R 0AP,NEEDS_CHECK,"Information for Tesco at 125-130 Strand, WC2R 0AP, is insufficient to determine bakery provision.",NO,"Though there is evidence online of a bakery section, it does not look like there is an instore bakery"
414538,Tesco,Tesco,"UNIT 8 WEST END QUAY SOUTH WHARF ROAD, LONDON, W2 1LA",W2 1LA,NEEDS_CHECK,"Information for Tesco at Unit 8 West End Quay South Wharf Road, W2 1LA, is insufficient to determine bakery provision.",NO,"Though there is evidence online of a bakery section, it does not look like there is an instore bakery"
414578,Tesco,Tesco,"138-142 QUEENSWAY, LONDON, W2 6LS",W2 6LS,NEEDS_CHECK,"Information for Tesco at 138-142 Queensway, W2 6LS, is insufficient to determine bakery provision.",NO,"Though there is evidence online of a bakery section, it does not look like there is an instore bakery"
427976,Tesco,Tesco,"2-4 DEAN STREET, LONDON, W1D 3RG",W1D 3RG,NEEDS_CHECK,Insufficient information to confidently identify the specific store and its bakery provision.,NO,"Though there is evidence online of a bakery section, it does not look like there is an instore bakery"
715214,Sainsbury's,Sainsbury's,"QUEENS HOUSE 73-77 QUEENSWAY, LONDON, W2 4RA",W2 4RA,NEEDS_CHECK,"The exact Sainsbury's store at this address could not be confidently identified, and bakery provision is not listed.",NO,"Though there is evidence online of a bakery section, it does not look like there is an instore bakery"
720251,Sainsbury's,Sainsbury's,"14-20 ELIZABETH STREET, LONDON, SW1W 9RB",SW1W 9RB,NEEDS_CHECK,"The exact Sainsbury's store at this address could not be confidently identified, and bakery provision is not listed.",NO,"Though there is evidence online of a bakery section, it does not look like there is an instore bakery"
741334,Tesco,Tesco,"101 NEW CAVENDISH STREET, LONDON, W1W 6XH",W1W 6XH,NEEDS_CHECK,"The exact Tesco store at this address could not be confidently identified, and bakery provision is not listed.",NO,"Though there is evidence online of a bakery section, it does not look like there is an instore bakery"
741339,Sainsbury's,Sainsbury's,"10 ROCHESTER ROW, LONDON, SW1P 1NS",SW1P 1NS,NEEDS_CHECK,Insufficient information to confirm substantial bakery provision.,NO,"Though there is evidence online of a bakery section, it does not look like there is an instore bakery"
1026631,Tesco Metro Paddington,Tesco,"94 CHURCH STREET, LONDON, NW8 8EX",NW8 8EX,NEEDS_CHECK,Insufficient information to confirm substantial bakery provision.,NO,"Though there is evidence online of a bakery section, it does not look like there is an instore bakery"
1679185,Basma,,"270 HARROW ROAD, LONDON, W2 5ES",W2 5ES,NEEDS_CHECK,"The business ""Basma"" at 270 Harrow Road, London, W2 5ES could not be confidently identified as a supermarket with bakery provision.",NO,There is not enough evidence for bakery provisions
1955304,General Store,,"177 QUEENSWAY, LONDON, W2 5HL",W2 5HL,NEEDS_CHECK,The General Store at 177 Queensway could not be confidently identified as having substantial bakery provision.,NO,There is not enough evidence for bakery provisions
469905,Tesco,Tesco,"130 KINGSLAND HIGH STREET, Hackney, E8 2NS",E8 2NS,NEEDS_CHECK,"The specific Tesco at 130 Kingsland High Street is not clearly identified as an Express or Superstore, and no bakery details are available.",NO,"Though there is evidence online of a bakery section, it does not look like there is an instore bakery"
470453,Tesco,Tesco,"523 KINGSLAND ROAD, Hackney, E8 4AR",E8 4AR,NEEDS_CHECK,The specific store type and bakery provision for this Tesco location could not be confidently identified.,NO,"Though there is evidence online of a bakery section, it does not look like there is an instore bakery"
898588,Tesco North Cheam,Tesco,"666 - 680 London Road, North Cheam, SM3 9BY",SM3 9BY,NEEDS_CHECK,Insufficient information to confirm bakery provision for Tesco North Cheam.,NO,"Though there is evidence online of a bakery section, it does not look like there is an instore bakery"
898592,Tesco,Tesco,"50 Malden Road, Cheam, SM3 8QF",SM3 8QF,NEEDS_CHECK,"Insufficient information to confirm bakery provision for Tesco 50 Malden Road, Cheam.",NO,"Though there is evidence online of a bakery section, it does not look like there is an instore bakery"
1782285,Sainsburys Supermarkets Ltd,Sainsbury's,"Tideway Industrial Estate Nine Elms Lane, London, SW8 5BP",SW8 5BP,NEEDS_CHECK,The specific Sainsbury's at Tideway Industrial Estate Nine Elms Lane could not be confidently identified.,NO,"Though there is evidence online of a bakery section, it does not look like there is an instore bakery"
531852,Shopping Basket,,"13-15 Hay Lane, London, NW9 0NH",NW9 0NH,NEEDS_CHECK,"The business is registered at the address, but there is no information about its retail operations or bakery provision.",NO,There is not enough evidence for bakery provisions
