BakeryRank,BusinessName,BusinessNameClean,BusinessType,Address,PostCode,LocalAuthorityName,FHRSIDRep,StoreCount,BakeryScore,LocationMatch,AIClass,V2ManualVerdict,AIReason,V2ManualNote,ReviewFlags,ManualClass,ManualReason,ManualSourceURL
595,J f ayre ltd,j f ayre ltd,Manufacturers/packers,"131-133, Evelina Road, London",SE15 3HB,Southwark,364679,1,0.8539621909673598,YES,UNCLEAR,BAKERY,"While J.F. Ayre Ltd is listed as a manufacturer/packer, there is no clear evidence of a customer-facing retail location at the specified address.",Agree with AI,UNCLEAR_LOCATION_CONFIRMED,CORE_BAKERY,,
1958,Livs Baked Goodies,livs baked goodies,Other catering premises,"Unit 30 Leyton Business Centre Etloe Road, Leyton, London",E10 7BT,Waltham Forest,1804594,1,0.4695297461540426,YES,UNCLEAR,,"While the business name and website suggest a bakery, the FHRS type ""Other catering premises"" and lack of clear evidence for a stable, customer-facing retail location make the operating model unclear.",,UNCLEAR_LOCATION_CONFIRMED,NON_BAKERY,No storefront,https://share.google/1oBTCquAHAsNzsxAa
2408,Lakcakes,lakcakes,Restaurant/Cafe/Canteen,"Unit 6, Market Village, 70 - 73 The Mall, Stratford",E15 1XQ,Newham,1914661,1,0.353107241543062,YES,UNCLEAR,BAKERY,"While ""Lakcakes"" suggests cakes, the available information points to a general ""Restaurant/Cafe/Canteen"" and a ""Surprise bag"" from Too Good To Go, which doesn't provide affirmative evidence of a substantial and persistent bakery offering at this specific location.",There is sufficient evidence to show that it is serving mainly homemade baked goods,UNCLEAR_LOCATION_CONFIRMED,CORE_BAKERY,,
2432,SweetieB,sweetieb,Retailers - other,"59 The Mall, Bexleyheath, Kent",DA6 7JJ,Bexley,1666592,1,0.3470899073033758,YES,UNCLEAR,,"No reliable evidence found for a specific business named SweetieB at 59 The Mall, Bexleyheath. The address appears to be within a shopping centre.",,UNCLEAR_LOCATION_CONFIRMED,NON_BAKERY,Agree with AI reason,
2732,APHRODITE TREATS LIMITED,aphrodite treats limited,Retailers - other,"Flat 33 Crowndale Court, Crowndale Road, London",NW1 1TY,Camden,1891411,1,0.2757821824061582,YES,UNCLEAR,,"The company is newly incorporated with a registered office address that appears to be a flat, and there is no evidence of a customer-facing retail bakery operation.",,UNCLEAR_LOCATION_CONFIRMED,NON_BAKERY,This is a delivery deli,https://aphroditetreats.co.uk/
2969,RSV Wholesale and Retail Ltd,rsv wholesale and retail ltd,Retailers - other,"Ground Floor Front, 305 Ley Street, Ilford",IG1 4BN,Redbridge,1871776,1,0.2356243163845023,YES,UNCLEAR,,"Company is registered as wholesale and retail, but no specific retail operation or bakery provision at the address could be confirmed.",,UNCLEAR_LOCATION_CONFIRMED,UNCLEAR,Insufficient evidence,
3555,ZagoUK Ltd,zagouk ltd,Importers/Exporters,"27 Old Gloucester Street, London",WC1N 3AF,Camden,1784207,1,0.1661311443171575,YES,UNCLEAR,,"The company ""ZagoUK Ltd"" is listed as an importer/exporter. Other companies at the same address are dissolved or diagnostic services, and there is no clear evidence of a bakery operation at this specific location.",,UNCLEAR_LOCATION_CONFIRMED,UNCLEAR,Insufficient evidence,
3582,Laffeh Ltd,laffeh ltd,Takeaway/sandwich shop,"17 Cullum Street, London",EC3M 7JJ,City of London Corporation,1938754,1,0.163554901944872,YES,UNCLEAR,,Laffeh Ltd is a newly incorporated private limited company with no clear online presence or indication of its specific business activities as a customer-facing food establishment.,,UNCLEAR_LOCATION_CONFIRMED,NON_BAKERY,Middle Eastern Restaurant,https://share.google/b5R3Vp22luVl8bbOb
3699,La'Chi Ltd,la chi ltd,Manufacturers/packers,"1 Pennyfields, London",E14 8HP,Tower Hamlets,1634300,1,0.1538156240797489,YES,UNCLEAR,,"The company is registered at the address as a ""Manufacturers/packers"" but there is no affirmative evidence of a customer-facing retail operation or the nature of its products.",,UNCLEAR_LOCATION_CONFIRMED,BAKERY_CAFE,,https://www.instagram.com/p/CrguEonMbrB/?hl=en
3709,Z and F Enterprise Ltd,z and f enterprise ltd,Retailers - other,"Z AND F ENTERPRISE LIMITED Units 11 To 12, Parkside Business Estate, Rolt Street, London",SE8 5JB,Lewisham,1662778,1,0.1530437116018064,YES,UNCLEAR,,"The business is registered at a business estate, but there is no affirmative evidence of a customer-facing retail operation or the nature of its food business.",,UNCLEAR_LOCATION_CONFIRMED,NON_BAKERY,,https://share.google/DicrEaG7dVJ80aOLj
3833,Achhie Limited,achhie limited,Retailers - other,"39 The Broadway, Greenford",UB6 9PN,Ealing,1657766,1,0.1459355565523135,YES,UNCLEAR,,"Registered company at the address, but no evidence of a customer-facing food establishment or bakery activity.",,UNCLEAR_LOCATION_CONFIRMED,UNCLEAR,Insufficient evidence,
4052,Casereccio Ltd,casereccio ltd,Restaurant/Cafe/Canteen,"10 The Broadway, Gunnersbury Lane, Acton",W3 8HR,Hounslow,689478,1,0.1341526007849366,YES,UNCLEAR,,Insufficient evidence to determine if this restaurant/cafe/canteen has a substantial bakery offering.,,UNCLEAR_LOCATION_CONFIRMED,NON_BAKERY,Permanently closed,
4355,Juhan Suwet Ltd,juhan suwet ltd,Retailers - other,"107 Globe Road, London",E1 4LB,Tower Hamlets,1711690,1,0.1213181996063757,YES,UNCLEAR,,"Juhan Suwet Ltd at 107 Globe Road, London, E1 4LB is listed as a retailer, but there is no affirmative evidence to determine its specific operating model or if it's a bakery. The registered office address has also changed to 111 Globe Road.",,UNCLEAR_LOCATION_CONFIRMED,UNCLEAR,Insufficient evidence,
4441,Braske Ltd,braske ltd,Retailers - supermarkets/hypermarkets,"228A High Street North, Manor Park, London",E12 6SB,Newham,1776429,1,0.1180714480066523,YES,UNCLEAR,,"Braske Ltd is registered at the supplied address, but there is no public information available about the nature of its business or any retail operations at this specific location to determine a bakery classification.",,UNCLEAR_LOCATION_CONFIRMED,NON_BAKERY,,https://share.google/lTBnAT0lAMktMDWnB
4568,Fresh London Limited,fresh london limited,Retailers - other,"133 Broad Street, Dagenham",RM10 9HP,Barking and Dagenham,415728,1,0.1133936536878486,YES,UNCLEAR,,"Fresh London Limited's registered office address changed from Dagenham to London W2 2th in July 2022, making the original address potentially inactive for this business.",,UNCLEAR_LOCATION_CONFIRMED,NON_BAKERY,Cosmetics shop,
4697,Ladoo Barfi,ladoo barfi,Retailers - other,"The Market House, High Street, Uxbridge",UB8 1JN,Hillingdon,1897283,1,0.108498817923924,YES,UNCLEAR,,"""Ladoo Barfi"" is a name associated with Indian sweets, but there is no affirmative evidence to classify this specific establishment as a bakery. The FHRS type ""Retailers - other"" is not sufficient.",,UNCLEAR_LOCATION_CONFIRMED,NON_BAKERY,Indian sweets,https://share.google/Q4DlgFMDfG8p4rawc
4773,JK Twins,jk twins,Other catering premises,"PITCH 130 RIDLEY ROAD MARKET RIDLEY ROAD, Hackney, London",E8 2NP,Hackney,1029524,1,0.1059288435205991,YES,UNCLEAR,,"""JK Twins"" is located at Ridley Road Market, which is a stable market location. However, there is no information available about the specific type of food or products offered by ""JK Twins"" to classify it as a bakery.",,UNCLEAR_LOCATION_CONFIRMED,UNCLEAR,Insufficient evidence,
4786,Amen Bites Ltd,amen bites ltd,Retailers - other,"AmenBites Ltd, 53 Danescombe, London",SE12 9EU,Lewisham,1677088,1,0.1054450751329053,YES,UNCLEAR,NOT_BAKERY,"""Amen Bites Ltd"" is listed as ""Retailers - other"" and located at 53 Danescombe, London, SE12 9EU. However, there is no further information available to determine if it operates as a bakery or sells substantial bakery goods.",Mainly selling ethiopian food,UNCLEAR_LOCATION_CONFIRMED,NON_BAKERY,,
5285,Rugelis Limited,rugelis limited,Retailers - other,"4 Tudor Parade Well Hall Road, Eltham, Greenwich",SE9 6SX,Greenwich,695674,1,0.0905666597917239,YES,UNCLEAR,,"While ""Rugelio Limited"" is a retailer, there is no affirmative evidence to suggest it is a bakery or has a substantial bakery provision at the supplied location.",,UNCLEAR_LOCATION_CONFIRMED,UNCLEAR,Insufficient evidence,
5531,Emma and Dough,emma and dough,Other catering premises,"33 Nash Road, London",SE4 2QH,Lewisham,1600139,1,0.0852698283050061,YES,UNCLEAR,,"""Emma and Dough"" is a bakery-sounding name, but there is no affirmative evidence to confirm it operates as a bakery or cafe at the specified address. The FHRS type ""Other catering premises"" is not specific enough.",,UNCLEAR_LOCATION_CONFIRMED,NON_BAKERY,Home-based,
5634,TASTY MISFITS LTD,tasty misfits ltd,Retailers - other,"Unit 47 Brockley Cross Business Centre, 96 Endwell Road, London",SE4 2PD,Lewisham,1599531,1,0.0832717359946193,YES,UNCLEAR,,"""TASTY MISFITS LTD"" at Unit 47 Brockley Cross Business Centre, 96 Endwell Road, London, SE4 2PD is listed as ""Retailers - other"" and there is no affirmative evidence to classify it as a bakery.",,UNCLEAR_LOCATION_CONFIRMED,UNCLEAR,Insufficient evidence,
5742,K&a centre ltd,k and a centre ltd,Retailers - other,"90-92, Rye Lane, London",SE15 4RZ,Southwark,365018,1,0.0810825880520108,YES,UNCLEAR,,"FHRS type is ""Retailers - other"" and company filing history shows a registered office address change, but there is no affirmative evidence of substantial bakery provision at the supplied location.",,UNCLEAR_LOCATION_CONFIRMED,NON_BAKERY,,https://share.google/pI4x5HHFrtS3rvKyr
6076,Haibe Halwa & Sweets Centre,haibe halwa and sweets centre,Retailers - other,"37 Coldharbour Lane, Hayes",UB3 3EB,Hillingdon,1904425,1,0.0749255925182587,YES,UNCLEAR,NOT_BAKERY,"Haibe Halwa & Sweets Centre is listed as a ""Retailers - other"" and a ""Halwa & Sweets Centre"". While sweets may involve some baked goods, there is no affirmative evidence to confirm a bakery-led identity or substantial bakery provision at this specific location.",Insufficient physical evidence for this business,UNCLEAR_LOCATION_CONFIRMED,NON_BAKERY,,
6115,Aspens Service Ltd @,aspens service ltd,Other catering premises,"Lift Trinity, Bounds Green Road, Wood Green, London",N22 8ES,Haringey,1672687,1,0.0741482293644056,YES,UNCLEAR,,"""Other catering premises"" with no specific public-facing retail information available.",,UNCLEAR_LOCATION_CONFIRMED,NON_BAKERY,,https://share.google/Kc2LI7B6Zvmgs5xxh
6163,Treatz Inc.,treatz inc,Retailers - other,"Unit 6G, Beaver Industrial Park, Brent Road, Southall",UB2 5FB,Ealing,1837124,1,0.073589724939031,YES,UNCLEAR,,"Treatz Inc. at Beaver Industrial Park is listed as ""Retailers - other"" with no further information about its specific operation or products.",,UNCLEAR_LOCATION_CONFIRMED,NON_BAKERY,Order online,
6885,Simer 99P City Ltd,simer 99p city ltd,Retailers - other,"38-40 King Street, Southall, Middlesex",UB2 4DB,Ealing,1497856,1,0.0634750089541111,YES,UNCLEAR,,"Company is registered at a retail address, but no specific business activity or substantial bakery provision is evident.",,UNCLEAR_LOCATION_CONFIRMED,NON_BAKERY,,https://share.google/aN0koLXtYgcUYWDpC
6942,VNS Poplar Ltd,vns poplar ltd,Retailers - other,"VNS Poplar Ltd, 32 Ellesmere Street, London",E14 6BA,Tower Hamlets,40536,1,0.0627878416740791,YES,UNCLEAR,,"VNS Poplar Ltd is registered at the address and has a license for alcohol sales, but there is no information about the type of retail business it operates or if it has a bakery provision.",,UNCLEAR_LOCATION_CONFIRMED,NON_BAKERY,,https://share.google/jYRCYr54fIxfPwUEo
7331,Unique Spot,unique spot,Retailers - other,"2a Central Avenue, Hounslow",TW3 2QH,Hounslow,1610194,1,0.058783984846251,YES,UNCLEAR,,"""Unique Spot"" at this address appears to be a business, but its nature (e.g., retail, online, or specific product focus) is not clear from available information.",,UNCLEAR_LOCATION_CONFIRMED,NON_BAKERY,,https://share.google/Huta7mNG5Qk3xk5Cs
7397,J B Traders,j b traders,Retailers - other,"Ground Floor Shop, 42 Felix Road, West Ealing",W13 0NT,Ealing,1032676,1,0.0580543649331061,YES,UNCLEAR,,"J B Traders is listed as a ""Retailers - other"" with no specific information about its products or services at the given address. There is also a ""Jb Traders & Services Limited"" in Dublin, which is a wholesale electronic and telecommunications equipment and parts company, but the address does not match.",,UNCLEAR_LOCATION_CONFIRMED,UNCLEAR,Insufficient evidence,
7465,R M S Tech & Accessories,r m s tech and accessories,Retailers - other,"408 Green Lane, Seven Kings",IG3 9JX,Redbridge,1886289,1,0.0574176200778382,YES,UNCLEAR,,"""Retailers - other"" with no online presence or clear indication of business type.",,UNCLEAR_LOCATION_CONFIRMED,UNCLEAR,Insufficient evidence,
7801,Sprouting Pea Ltd,sprouting pea ltd,Manufacturers/packers,"Unit 29, 284 Water Road, Wembley",HA0 1HX,Brent,1537510,1,0.0543993333836614,YES,UNCLEAR,,"FHRS type is Manufacturers/packers. Online mentions suggest it's a bakery, but there's no affirmative evidence of a customer-facing retail location at the supplied address.",,UNCLEAR_LOCATION_CONFIRMED,NON_BAKERY,No storefront,https://www.instagram.com/sproutingp/
8715,Yellow Shop,yellow shop,Retailers - supermarkets/hypermarkets,"6 Library Parade, Craven Park Road, London",NW10 8SG,Brent,533454,2,0.0472835805182216,YES,UNCLEAR,,"The ""Yellow Shop"" is listed as a supermarket/hypermarket, but there is no specific information available to confirm if it has a substantial bakery provision at this location.",,UNCLEAR_LOCATION_CONFIRMED,NON_BAKERY,,https://share.google/SX0aSgvKBNwYvnTBa
8757,Yellow 175,yellow 175,Retailers - other,"175 North End, Croydon",CR0 1TP,Croydon,1905504,1,0.0470459954252227,YES,UNCLEAR,,Company incorporated recently with no clear online presence or operating model established.,,UNCLEAR_LOCATION_CONFIRMED,UNCLEAR,Insufficient evidence,
8823,My Chaai Ltd - Unit S9,my chaai ltd unit s9,Restaurant/Cafe/Canteen,"Unit S, 34 Plashet Grove, East Ham, London",E6 1AE,Newham,1875160,1,0.0465998378476229,YES,UNCLEAR,NOT_BAKERY,"The company ""My Chaai Ltd"" has multiple registered addresses and business types, and it's unclear which specific establishment ""Unit S9"" refers to or its operating model.",Unclear business identity,UNCLEAR_LOCATION_CONFIRMED,NON_BAKERY,,
9067,One One Hospitality 1 Limited,one one hospitality 1 limited,Retailers - other,"9 Brook Lane Business Centre, Brook Lane North, Brentford",TW8 0PP,Hounslow,1798138,1,0.0451762429713952,YES,UNCLEAR,,"One One Hospitality 1 Limited is a hospitality company, but there is no clear evidence of a customer-facing retail bakery at this specific address.",,UNCLEAR_LOCATION_CONFIRMED,UNCLEAR,Insufficient evidence,
9253,Miorita Ltd,miorita ltd,Retailers - other,"382 Ripple Road, Barking",IG11 9RS,Barking and Dagenham,1362863,1,0.0440488316090764,YES,UNCLEAR,,"Miorita Ltd is registered at the supplied address as ""Retailers - other"" according to FHRS and Companies House. There is no further information available to determine the specific nature of its retail operations or any bakery provision.",,UNCLEAR_LOCATION_CONFIRMED,UNCLEAR,Insufficient evidence,
9296,Samy's,samy s,Retailers - other,"Ground Floor Shop 123 Fulbourne Road, Walthamstow, London",E17 4HA,Waltham Forest,515413,1,0.0438218790963735,YES,UNCLEAR,,"FHRS type is ""Retailers - other"", and there is no affirmative evidence of substantial bakery provision at this location.",,UNCLEAR_LOCATION_CONFIRMED,NON_BAKERY,,https://share.google/IDfrUA0pHNYbcWmKC
9393,Agua na boca ltd,agua na boca ltd,Other catering premises,"28b, Fenwick Road, London",SE15 4HW,Southwark,617523,1,0.0433639308483148,YES,UNCLEAR,NOT_BAKERY,"Limited information available, but appears to be a catering premises with an option for order pickup, not clearly a bakery.",Seems to be selling their business,UNCLEAR_LOCATION_CONFIRMED,NON_BAKERY,,
9702,SI Foods (UK) Ltd,si foods uk ltd,Retailers - other,"Unit 17, Enterprise Row, Rangemoor Road, Tottenham",N15 4LU,Haringey,807619,1,0.0417876157844901,YES,UNCLEAR,,"Business type is ""Retailers - other"" and information suggests it's a food distributor/wholesaler, but it's unclear if there's a customer-facing retail operation with substantial bakery provision.",,UNCLEAR_LOCATION_CONFIRMED,NON_BAKERY,,https://share.google/WNR678UNpd4JPUYnU
9709,FAN & FAB LTD,fan and fab ltd,Retailers - other,"EARLHAM STREET MARKET, Goodge Place, London",W1T 4SG,Camden,1734691,1,0.0417520178969518,YES,UNCLEAR,,"Located in Earlham Street Market, which sells street food and clothing, but there is no affirmative evidence to classify FAN & FAB LTD as a bakery.",,UNCLEAR_LOCATION_CONFIRMED,UNCLEAR,Insufficient evidence,
10768,MATU ENTERPRISE,matu enterprise,Retailers - other,"Ground Floor, 60 Lewisham High Street, London",SE13 5JH,Lewisham,1906205,1,0.0372887592439259,YES,UNCLEAR,,"""Retailers - other"" business type with no specific information about its retail offerings to determine if it's a bakery.",,UNCLEAR_LOCATION_CONFIRMED,NON_BAKERY,,https://share.google/1Bd4t3dbSfgXKrZGJ
11333,Pão de Queijo e Cia,pão de queijo e cia,Takeaway/sandwich shop,"Pão de Queijo e Cia, 438 Hornsey Road, London",,Islington,1865813,1,0.0352898604933613,YES,UNCLEAR,,"While ""Pão de Queijo e Cia"" translates to ""Cheese Bread & Co."" and their website shows various baked goods, the specific establishment's operating model (retail, wholesale, cafe) at the given address is not clearly established.",,UNCLEAR_LOCATION_CONFIRMED,NON_BAKERY,,https://share.google/dNtl8c0kb2VEl6vdV
11535,ALL HEALTHY LTD,all healthy ltd,Retailers - other,79 College Road,HA1 1BD,Harrow,1780353,1,0.0346789215607472,YES,UNCLEAR,,"The business is registered as ""Retailers - other"" and located at an address with many other registered companies, and there is no specific information about its retail offerings to determine if it has a substantial bakery provision.",,UNCLEAR_LOCATION_CONFIRMED,NON_BAKERY,,https://share.google/6dI8A1XBGdSpHBCGu
11732,Comfort and joy,comfort and joy,Takeaway/sandwich shop,"North Cross Road Market, North Cross Road, London",SE22 9ET,Southwark,1065534,2,0.0341022057370874,YES,UNCLEAR,NOT_BAKERY,"The business ""Comfort and joy"" is located at North Cross Road Market, which sells baked goods, but there is no specific evidence to confirm ""Comfort and joy"" itself is a bakery or has substantial bakery provision.",Events cateering,UNCLEAR_LOCATION_CONFIRMED,NON_BAKERY,,
11826,more and more,more and more,Retailers - other,"BASEMENT AND GROUND FLOOR 366 HARROW ROAD, LONDON",W9 2HU,Westminster,1709683,1,0.0338510205072722,YES,UNCLEAR,,"Company registered at the address, but no affirmative evidence of a customer-facing food establishment or bakery provision.",,UNCLEAR_LOCATION_CONFIRMED,UNCLEAR,Insufficient evidence,
12468,Star Pan Parlour,star pan parlour,Takeaway/sandwich shop,"Unit 1, 236 Ealing Road, Wembley",HA0 4QL,Brent,1178792,1,0.0321257130581791,YES,UNCLEAR,,Takeaway/sandwich shop with no available menu or further information to determine bakery provision.,,UNCLEAR_LOCATION_CONFIRMED,NON_BAKERY,,https://share.google/c0nZiyWc3kJKjXetx
12523,EUROPEAN FASTING LIMITED,european fasting limited,Retailers - other,"71-75 Shelton Street, London",WC2H 9JQ,Camden,1567443,1,0.0319862780440889,YES,UNCLEAR,,"Registered office address for numerous companies, not a customer-facing retail establishment.",,UNCLEAR_LOCATION_CONFIRMED,UNCLEAR,Insufficient evidence,
12583,Serve,serve,Other catering premises,"48A Surbiton Road, Kingston Upon Thames",KT1 2HT,Kingston-Upon-Thames,1891644,1,0.0318463782615782,YES,UNCLEAR,,"""Serve"" at 48A Surbiton Road, Kingston Upon Thames, KT1 2HT, with FHRS type ""Other catering premises"", does not provide enough information to determine its operating model or if it has any bakery provision. The address appears to be a residential or mixed-use property.",,UNCLEAR_LOCATION_CONFIRMED,NON_BAKERY,,https://share.google/ip8IsYEzrDX89dZ4I
12821,Api Avi Express,api avi express,Retailers - other,228 Woodhouse Road London,N12 0RS,Barnet,1895458,1,0.0312397660660301,YES,UNCLEAR,,"Api Avi Express is registered at the supplied address as a private limited company, but there is no affirmative evidence of a customer-facing retail operation or its business type beyond ""Retailers - other"".",,UNCLEAR_LOCATION_CONFIRMED,NON_BAKERY,,https://share.google/KFOf2mjBKNyw1uXMi
13139,Loafing,loafing,Retailers - other,"409 Roman Road, London",E3 5QS,Tower Hamlets,1174109,1,0.0305018746135983,YES,UNCLEAR,,"Loafing is listed as a ""Retailers - other"" and located at 409 Roman Road, London E3 5QS. While the name ""Loafing"" suggests a bakery, there is no affirmative evidence to support that its principal identity or specialism is genuinely bakery-led, or that bakery goods form a substantial and persistent part of what customers can buy at this specific location.",,UNCLEAR_LOCATION_CONFIRMED,BAKERY_CAFE,,https://share.google/yVuctWuu8KEBKXq7w
14061,HINKSONS,hinksons,Takeaway/sandwich shop,"HINKSONS, Unit 5 Roman Way Industrial Estate, 149 Roman Way, London",N7 8XH,Islington,1828507,1,0.0286091823332295,YES,UNCLEAR,,Insufficient evidence to determine if this industrial estate unit is a customer-facing bakery.,,UNCLEAR_LOCATION_CONFIRMED,UNCLEAR,Insufficient evidence,
14266,Andreas Bajohra,andreas bajohra,Retailers - other,"Unit C49, 26 Chase Road, Park Royal",NW10 6QN,Ealing,1959426,1,0.0282344917824345,YES,UNCLEAR,,"Andreas Bajohra is listed as a ""Retailers - other"" business at the given address, but there is no further information available to determine its specific operating model or if it is customer-facing. The director's correspondence address is different from the business address.",,UNCLEAR_LOCATION_CONFIRMED,UNCLEAR,Insufficient evidence,
14922,Maramures,maramures,Retailers - other,"295 Hall Lane, Chingford, London",E4 8NU,Waltham Forest,1399318,1,0.027117170326284,YES,UNCLEAR,,"While the FHRS type is ""Retailers - other"", there is no affirmative evidence to classify Maramures as a bakery, grocer with a substantial bakery, or a cafe with substantial bakery offerings.",,UNCLEAR_LOCATION_CONFIRMED,NON_BAKERY,,https://share.google/xDDDbql3M5Wos5seb
15275,Madhubon,madhubon,Retailers - other,"47 Ben Jonson Road, London",E1 4SA,Tower Hamlets,1411675,1,0.026599597102296,YES,UNCLEAR,NOT_BAKERY,"Company registered at the address, but no evidence of a customer-facing retail food business.",Mainly a south asian sweet store,UNCLEAR_LOCATION_CONFIRMED,NON_BAKERY,,
15491,Balaji Mithaiwala,balaji mithaiwala,Manufacturers/packers,"Unit 1, 58A Kingsbridge Crescent, Southall",UB1 2DL,Ealing,1692681,1,0.0262441870569255,YES,UNCLEAR,,"Business is registered as a manufacturer/packer of milk products, but further details on customer-facing retail or bakery provision are unclear.",,UNCLEAR_LOCATION_CONFIRMED,NON_BAKERY,,https://share.google/I4diMlFsdbBocXQM7
15543,Billy Gallagher,billy gallagher,Retailers - other,"Barking Market, East Street, Barking",IG11 8AA,Barking and Dagenham,1245130,1,0.0261722497817236,YES,UNCLEAR,,"A market stall, but no affirmative evidence of a fixed retail site or bakery specialism.",,UNCLEAR_LOCATION_CONFIRMED,UNCLEAR,Insufficient evidence,
16312,Perry Streets Local,perry streets local,Retailers - other,"17 Perry Street, Crayford, Dartford, Kent",DA1 4RB,Bexley,776397,1,0.025029590364217,YES,UNCLEAR,,"""Retailers - other"" with no further information to determine if it has a substantial bakery provision.",,UNCLEAR_LOCATION_CONFIRMED,NON_BAKERY,,https://share.google/oVnaXl4EbnSFHOoGK
16319,Bon Bon Food Store,bon bon food store,Retailers - other,"Harold Court Road, Romford",RM3 0AE,Havering,848919,1,0.0250118045836582,YES,UNCLEAR,,"""Retailers - other"" with no further information to determine if it has a substantial bakery provision.",,UNCLEAR_LOCATION_CONFIRMED,NON_BAKERY,,https://share.google/ooEN9a1qukN4UKiKf
16415,Happy Happy Foods (UK) Ltd,happy happy foods uk ltd,Retailers - other,"56 Leman Street, London",E1 8EU,Tower Hamlets,1930321,1,0.0248564234778418,YES,UNCLEAR,,Retailer with no specific information about its products or services.,,UNCLEAR_LOCATION_CONFIRMED,UNCLEAR,Insufficient evidence,
16551,Mary Lanches,mary lanches,Restaurant/Cafe/Canteen,"15 Leigham Hall Parade, Streatham High Road, London",SW16 1DR,Lambeth,1935499,1,0.0247045743437203,YES,UNCLEAR,NOT_BAKERY,"While the business is registered as a restaurant/cafe/canteen, there is no affirmative evidence to suggest a substantial bakery provision at this specific location.",Mainly a burger store,UNCLEAR_LOCATION_CONFIRMED,NON_BAKERY,,
16784,The Velvet Cups,the velvet cups,Other catering premises,,UB2 ,Ealing,1835299,1,0.024383516788739,YES,UNCLEAR,,Insufficient information to determine the operating model or specific bakery provision at the supplied location.,,UNCLEAR_LOCATION_CONFIRMED,NON_BAKERY,Home-based,https://share.google/AxiQDdAbzLKrXfHoO
17001,Oligab,oligab,Retailers - other,"North Cross Road Market, North Cross Road, London",SE22 9ET,Southwark,1045336,1,0.0240993508925315,YES,UNCLEAR,,"Oligab is located in North Cross Road Market, which sells baked goods, but there is no specific information about Oligab's offerings to determine if it's a bakery.",,UNCLEAR_LOCATION_CONFIRMED,UNCLEAR,Insufficient evidence,
17056,ShirzadSuppliesLtd,shirzadsuppliesltd,Importers/Exporters,"Unit 147, Middlesex Business Centre, Bridge Road, Southall",UB2 4AB,Ealing,1902299,1,0.0240343472786177,YES,UNCLEAR,,Importer/exporter business with no evidence of a customer-facing retail location or bakery operations.,,UNCLEAR_LOCATION_CONFIRMED,NON_BAKERY,,https://share.google/mJ2hKQ0PbSMX864e6
17361,Ickenham's Local,ickenham s local,Retailers - other,"85 High Road, Ickenham",UB10 8LH,Hillingdon,1904423,1,0.0236503276722563,YES,UNCLEAR,,"""Ickenham's Local"" is listed as a retailer, but there is no affirmative evidence of substantial bakery provision at this location. It is listed as ""Closed on Uber Eats as of 29 Dec 2025"".",,UNCLEAR_LOCATION_CONFIRMED,NON_BAKERY,,https://share.google/l41ZzAqruRUkQp1sr
17712,DailyFresh,dailyfresh,Retailers - other,"374 - 380 Commonside East, Mitcham, Merton",CR4 1GW,Merton,1950528,1,0.0232043751000364,YES,UNCLEAR,,"The establishment is listed as ""Retailers - other"" and is awaiting its first food hygiene inspection, so its operating model and specific offerings are unclear.",,UNCLEAR_LOCATION_CONFIRMED,UNCLEAR,Insufficient evidence,
17804,Minals,minals,Retailers - other,"314 Northfield Avenue, Ealing",W5 4UB,Ealing,1032274,2,0.0230723447577716,YES,UNCLEAR,,"Minals is listed as a retailer, but there is no affirmative evidence of substantial bakery provision at this location.",,UNCLEAR_LOCATION_CONFIRMED,NON_BAKERY,,https://share.google/GraFzUBou6hNqi5Br
17805,Nikitts,nikitts,Retailers - other,"8 Inverness Street, London",NW1 7HJ,Camden,1968639,1,0.0230705959661013,YES,UNCLEAR,,"Nikitts is a limited company with a correspondence address at 8 Inverness Street, but there is no information about its business activities or whether it is a customer-facing food establishment.",,UNCLEAR_LOCATION_CONFIRMED,NON_BAKERY,,https://share.google/dlAR6TCeeLC17Wr9O
17857,Zandieh,zandieh,Retailers - other,113 Ballards Lane London,N3 1XY,Barnet,1775824,1,0.0230260912786914,YES,UNCLEAR,,Retailer with insufficient information to determine if it has a substantial bakery provision.,,UNCLEAR_LOCATION_CONFIRMED,UNCLEAR,Insufficient evidence,
17912,Doree & Co,doree and co,Restaurant/Cafe/Canteen,"26 CHATSWORTH ROAD, Hackney, London",E5 0LP,Hackney,1527069,1,0.0229571219982736,YES,UNCLEAR,,"While listed as a restaurant/cafe/canteen, there is no affirmative evidence to suggest a substantial bakery offering at this specific location.",,UNCLEAR_LOCATION_CONFIRMED,BAKERY_CAFE,,https://share.google/eeLtmqJcRb1pKqNxw
17924,Rogalik,rogalik,Retailers - other,"Shop 5, South Harrow Market",HA2 0EU,Harrow,1717838,1,0.0229500485757595,YES,UNCLEAR,,"""Rogalik"" is a retailer in a market, but there is no affirmative evidence of substantial bakery provision at this specific location.",,UNCLEAR_LOCATION_CONFIRMED,GROCER_BAKERY,,https://share.google/o03qbK9t7ohcdRgT0
18287,Dum Dum,dum dum,Retailers - other,"Unit, 5 Ryan Drive, Brentford",TW8 9ZB,Hounslow,1930893,1,0.0226162921402906,YES,UNCLEAR,,"Business unit in an industrial park; while some units in the park have an ""on-site cafe"", it's unclear if this specific unit operates one or is a bakery.",,UNCLEAR_LOCATION_CONFIRMED,UNCLEAR,Insufficient evidence,
19408,La Magazin,la magazin,Retailers - other,"148 High Street North, East Ham, London",E6 2HT,Newham,1263277,1,0.0214792972279745,YES,UNCLEAR,,"While the name ""La Magazin"" might suggest a shop, there is no affirmative evidence to classify it as a bakery or a grocer with substantial bakery provision at this specific location.",,UNCLEAR_LOCATION_CONFIRMED,UNCLEAR,Insufficient evidence,
19856,Pacey,pacey,Retailers - other,103 High Road London,N2 8AG,Barnet,1344436,1,0.0210428553018934,YES,UNCLEAR,,"""Pacey"" at 103 High Road London N2 8AG is listed as ""Retailers - other"" by FHRS. However, there is no specific information available about the nature of this business. One search result mentions a ""ground and basement retail unit"" at ""1050 Sq. Ft"" at ""HIGH ROAD, EAST FINCHLEY, N2 8AG"" but does not name the business.",,UNCLEAR_LOCATION_CONFIRMED,NON_BAKERY,,https://share.google/hbLU6lof7nHpglMA1
19904,RZ locals,rz locals,Retailers - other,"9A Battersea Square, London, Wandsworth",SW11 3RA,Wandsworth,1945613,1,0.020998333131237,YES,UNCLEAR,,"Company registered at the address, but no evidence of a customer-facing retail operation or specific business type.",,UNCLEAR_LOCATION_CONFIRMED,NON_BAKERY,,https://share.google/ybb4J1ssGSGx5n9ma
20259,MARAVINA TRADING LLC,maravina trading llc,Retailers - other,"66 Paul Street London, Hackney, London",EC2A 4NA,Hackney,1935145,1,0.0206560476601338,YES,UNCLEAR,,MARAVINA TRADING LLC is associated with a virtual office address and there is no evidence of a customer-facing food establishment at this location.,,UNCLEAR_LOCATION_CONFIRMED,UNCLEAR,Insufficient evidence,
20679,United food & gadget store,united food and gadget store,Retailers - other,"Basement And Ground Floor, 14, Camberwell Church Street, London",SE5 8QU,Southwark,1230167,1,0.020317649599612,YES,UNCLEAR,,"The business is listed as a ""Retailers - other"" and ""food & gadget store"", but there is no further information to determine if it has a substantial bakery provision.",,UNCLEAR_LOCATION_CONFIRMED,UNCLEAR,Insufficient evidence,
21532,Kio's,kio s,Retailers - other,"8 West Green Road, Tottenham, London",N15 5NN,Haringey,448322,1,0.0196101618666469,YES,UNCLEAR,,"While Kio's is listed as ""Retailers - other"" in FHRS, there is no affirmative evidence to classify it as a bakery.",,UNCLEAR_LOCATION_CONFIRMED,NON_BAKERY,,https://share.google/pRl84QSXNMfYUwpa2
21706,Zobo and shayi,zobo and shayi,Retailers - other,"1a York Mansions, Browning Street, London",SE17 1LP,Southwark,1965197,1,0.0194654655181492,YES,UNCLEAR,,"The address is for residential apartments, and there is no clear evidence of a business named ""Zobo and shayi"" at this location or its operating model.",,UNCLEAR_LOCATION_CONFIRMED,NON_BAKERY,,https://share.google/DQPDbSJZOCulDv0cL
21811,S. Ayngaran,s ayngaran,Retailers - other,"193 Streatham Road, Mitcham, Merton",CR4 2AJ,Merton,375884,1,0.0193859113315367,YES,UNCLEAR,,"""Retailers - other"" with no online presence or further information to determine its operating model.",,UNCLEAR_LOCATION_CONFIRMED,NON_BAKERY,,https://share.google/TPcA34ZCY3Ul19wjB
21851,Polonez,polonez,Retailers - other,"86 - 88 Woodgrange Road, Forest Gate, London",E7 0EW,Newham,1372759,1,0.0193525457823214,YES,UNCLEAR,,"Polonez is listed as a ""Retailers - other"" and there is no affirmative evidence to classify it as a bakery.",,UNCLEAR_LOCATION_CONFIRMED,GROCER_BAKERY,There is evidence of a dedicated homemade baked goods section ,https://share.google/UPxpeRE5YZqREiAVR
21898,Favourable,favourable,Takeaway/sandwich shop,"58 Bellegrove Road, Welling, Kent",DA16 3PY,Bexley,1681139,2,0.0193132794746842,YES,UNCLEAR,,"While the address is identified as a shop and premises, there is no information available about the specific business ""Favourable"" at this location to determine its operating model or if it has any bakery provision.",,UNCLEAR_LOCATION_CONFIRMED,NON_BAKERY,,https://share.google/QLlqxqIme4uQ56Ih2
22034,Pound Redeemed,pound redeemed,Retailers - other,"20C Selsdon Road, South Croydon",CR2 6PA,Croydon,1660041,1,0.0192118910852479,YES,UNCLEAR,,"""Pound Redeemed"" is a limited company, and the address appears to be a commercial property available for lease, with no current business identified as ""Pound Redeemed"" operating there.",,UNCLEAR_LOCATION_CONFIRMED,NON_BAKERY,,https://share.google/qu9Bifelabf6cLfu2
22475,Divine,divine,Retailers - other,"35A Deptford High Street, London",SE8 4AD,Lewisham,1599396,1,0.0188623355638965,YES,UNCLEAR,,"The company ""DIVINE AFRO CARIBBEAN FOOD STORE LIMITED"" at the address is dissolved. There is also a ""DIVINE LONDON LIMITED"" and ""DIVINE CARE AND SERVICES LIMITED"" but it's unclear if they operate a retail food establishment at the supplied address.",,UNCLEAR_LOCATION_CONFIRMED,NON_BAKERY,,https://share.google/ZoidaYET8Wkju8zkS
22529,SAYHANS GROCERY,sayhans grocery,Retailers - other,"187 WELL STREET, Hackney, London",E9 6QU,Hackney,1885701,1,0.0188312606808691,YES,UNCLEAR,,"""SAYHANS GROCERY"" at 187 WELL STREET, Hackney, London E9 6QU, FHRS type: Retailers - other. No specific evidence of substantial bakery provision at this location could be found.",,UNCLEAR_LOCATION_CONFIRMED,NON_BAKERY,,https://share.google/Z5eQFpsqON2S1jdrK
22646,Zadi,zadi,Takeaway/sandwich shop,"Unit A 39, Alpha Beta Business Centre, 7 - 11 Minerva Road, Park Royal",NW10 6HJ,Ealing,1970097,1,0.0187465558348384,YES,UNCLEAR,,"Located in a business centre with catering units, but no specific information about Zadi's retail operation or bakery focus.",,UNCLEAR_LOCATION_CONFIRMED,UNCLEAR,Insufficient evidence,
22771,Manija,manija,Retailers - other,"245 Oxlow Lane, Dagenham",RM10 7YR,Barking and Dagenham,908744,1,0.0186530972846017,YES,UNCLEAR,,"Manija Limited's registered office address changed from the supplied address in May 2026, and there is no current evidence of a food establishment at 245 Oxlow Lane, Dagenham.",,UNCLEAR_LOCATION_CONFIRMED,NON_BAKERY,,https://share.google/ChGQdhJpnRtzHpURT
22793,J Parker,j parker,Retailers - other,"(Pitches 25 & 26)John Parker, Lewisham Market, Lewisham Centre, London",SE13 7HB,Lewisham,1599116,1,0.0186410221620714,YES,UNCLEAR,NOT_BAKERY,"J Parker is listed as a retailer in Lewisham Market, but there is no specific information about the type of products sold at Pitches 25 & 26 to determine if it's a bakery.",Insufficient physical evidence for this business,UNCLEAR_LOCATION_CONFIRMED,NON_BAKERY,,
23052,La Monica Shop,la monica shop,Retailers - other,"119a High Street, Hounslow",TW3 1QT,Hounslow,1930888,1,0.0184498440345336,YES,UNCLEAR,,"Company information available, but no specific details about the retail operation or products at the given address.",,UNCLEAR_LOCATION_CONFIRMED,GROCER_BAKERY,,https://share.google/zCPTuYg1vwO9xk8qZ
23082,O'Bled,o bled,Restaurant/Cafe/Canteen,"82 CHURCH STREET, LONDON",NW8 8ET,Westminster,1890831,1,0.0184305221950064,YES,UNCLEAR,,"While the business name ""O'Bled"" could suggest a bakery, there is no affirmative evidence to support a bakery-led identity or substantial bakery offerings at this specific address. It is registered as a Restaurant/Cafe/Canteen.",,UNCLEAR_LOCATION_CONFIRMED,BAKERY_CAFE,,https://share.google/l1jAO70VgFOX2rtx6
23342,"J And R Kiosk, Platform 1, Eastbound",j and r kiosk platform 1 eastbound,Retailers - other,"Liverpool Street Underground Station, Liverpool Street, London",EC2M 7PP,City of London Corporation,294043,1,0.0182661483955805,YES,UNCLEAR,,"While located in Liverpool Street Underground Station, there is no affirmative evidence to determine the specific nature of ""J And R Kiosk"" or its offerings.",,UNCLEAR_LOCATION_CONFIRMED,NON_BAKERY,,https://share.google/QscU7c0ve7W69xAIz
23689,Canedo,canedo,Restaurant/Cafe/Canteen,"41 High Street Collier's Wood, Colliers Wood, Merton",SW19 2JE,Merton,860682,1,0.0180109478025855,YES,UNCLEAR,,"The business name ""Canedo"" at the specified address does not provide enough information to classify it as a bakery, and further details about its operating model are not available.",,UNCLEAR_LOCATION_CONFIRMED,NON_BAKERY,,https://share.google/YhbSUzXKhMVKa7vzM
24471,Mr Abdul Karim,mr abdul karim,Retailers - other,"Whitechapel Road Market, Whitechapel Road, London",E1 1DU,Tower Hamlets,74337,1,0.0174811424328714,YES,UNCLEAR,,"Business type is ""Retailers - other"" at a market, but no specific information about bakery products.",,UNCLEAR_LOCATION_CONFIRMED,UNCLEAR,Insufficient evidence,
24574,Ferratelle D'oro Caffe Batique,ferratelle d oro caffe batique,Restaurant/Cafe/Canteen,"160 GREEN LANES, Hackney, London",N16 9DL,Hackney,530922,1,0.0174139330052934,YES,UNCLEAR,,"While ""Caffe Batique"" suggests a cafe, there is no affirmative evidence to confirm the establishment's operating model or if bakery goods form a substantial and persistent part of its offerings.",,UNCLEAR_LOCATION_CONFIRMED,NON_BAKERY,,https://share.google/eSW41oS6i6G0uJHSx
24737,Cracking  Flavours,cracking flavours,Retailers - other,"141 FAWCETT ESTATE CLAPTON COMMON, Hackney, London",E5 9DQ,Hackney,1904043,1,0.0173072952603653,YES,UNCLEAR,,Retailers - other. Insufficient information to determine if it's a bakery or sells substantial bakery goods.,,UNCLEAR_LOCATION_CONFIRMED,UNCLEAR,Insufficient evidence,
25066,Cuisine Supreme Limited,cuisine supreme limited,Other catering premises,"23 Field Road, Forest Gate, London",E7 9DW,Newham,640341,1,0.0170794190481547,YES,UNCLEAR,,"Company information indicates ""Other catering premises"" but no current web presence or menu to determine the nature of its food provision or if it's customer-facing.",,UNCLEAR_LOCATION_CONFIRMED,NON_BAKERY,,https://share.google/C6vaKtIyeZ32XJ4yo
25194,Flavourz,flavourz,Retailers - other,"5 Goodmayes Road, Goodmayes",IG3 9UH,Redbridge,1769159,1,0.0170130580981899,YES,UNCLEAR,,Website is generic and does not provide specific product information to classify as a bakery.,,UNCLEAR_LOCATION_CONFIRMED,NON_BAKERY,,https://share.google/pmqLJwYJZDD7BWHgs
25338,Harrow's Sip & Save,harrow s sip and save,Other catering premises,"Ground Floor Front Office, 21 Broadwalk Pinner Road Harrow Harrow",HA2 6ED,Harrow,1899123,1,0.0169256286488689,YES,UNCLEAR,,"The establishment ""Harrow's Sip & Save"" at the provided address could not be definitively identified as a specific business type with evidence of bakery provision. Other businesses at or near the address are a convenience store or a bar, but not ""Sip & Save"".",,UNCLEAR_LOCATION_CONFIRMED,UNCLEAR,Insufficient evidence,
25362,Manze,manze,Manufacturers/packers,"Unit 3 Metro Business Centre Kangley Bridge Road, Lower Sydenham, London",SE26 5BW,Bromley,1961780,1,0.0169086620054235,YES,UNCLEAR,,"Industrial/warehouse unit, previously used for food production, but no evidence of a customer-facing retail bakery.",,UNCLEAR_LOCATION_CONFIRMED,NON_BAKERY,,https://www.manze.co.uk/
25482,Pravalia De Acasa,pravalia de acasa,Retailers - other,"428 Green Lanes, LONDON",N13 5XG,Enfield,1220064,1,0.0168284560128416,YES,UNCLEAR,,"""Retailers - other"" with no specific information about the type of products sold or services offered.",,UNCLEAR_LOCATION_CONFIRMED,NON_BAKERY,,https://share.google/hxpliykCPUY4jtjK7
25572,Tatoze,tatoze,Restaurant/Cafe/Canteen,"Kiosk, Eden Walk, Kingston Upon Thames",KT1 1BP,Kingston-Upon-Thames,1907018,1,0.0167649443374745,YES,UNCLEAR,,"The establishment is a kiosk in a shopping centre, but there is no affirmative evidence of its specific business type or substantial bakery provision.",,UNCLEAR_LOCATION_CONFIRMED,NON_BAKERY,,https://share.google/3eyvAwBU4PCCmm0ix
25687,Rotherhithe village,rotherhithe village,Retailers - other,"39-41, Brunel Road, London",SE16 4LD,Southwark,363646,1,0.0166911898788194,YES,UNCLEAR,,"""Rotherhithe village"" at 39-41 Brunel Road, London, SE16 4LD appears to be a general location description rather than a specific food establishment. The address is associated with residential properties and a ""Shop And Premises"" for business rates, but no specific business name or operating model could be identified.",,UNCLEAR_LOCATION_CONFIRMED,UNCLEAR,Insufficient evidence,
25688,SP MART,sp mart,Retailers - other,"Unit 1 Shri Heights 3 Palmerston Road, Harrow",HA3 7JD,Harrow,1958180,1,0.0166899406352004,YES,UNCLEAR,,"SP MART at Unit 1 Shri Heights 3 Palmerston Road, Harrow, HA3 7JD is listed as ""Retailers - other"" by FHRS. Without further information or a specific business name, it's unclear what type of retail it is and if it has a bakery provision.",,UNCLEAR_LOCATION_CONFIRMED,NON_BAKERY,,https://share.google/NN5SoDcag9xTMyyKb
26965,Spar Morland Road,spar morland road,Retailers - other,"199-201 Morland Road, Croydon",CR0 6HD,Croydon,4972,1,0.0159843861673573,YES,UNCLEAR,,Information about Spar Morland Road's specific bakery provision at this location is not available.,,UNCLEAR_LOCATION_CONFIRMED,NON_BAKERY,Permanently closed,https://share.google/BT70FsBEHDExeusxd
27131,Mr k Jeal,mr k jeal,Retailers - other,"(Pitch 30 ) Kenneth Jeal, Lewisham Market, Lewisham Centre, London",SE13 7HB,Lewisham,1599115,1,0.0158931642402367,YES,UNCLEAR,,"The business is listed as a retailer in Lewisham Market, but there is no affirmative evidence to determine the specific type of goods sold or if it has a substantial bakery provision.",,UNCLEAR_LOCATION_CONFIRMED,UNCLEAR,Insufficient evidence,
27408,Outdare,outdare,Takeaway/sandwich shop,"32, Kinburn Street, London",SE16 6DW,Southwark,1843410,1,0.0157403279506753,YES,UNCLEAR,,"Company registered at the address, but no evidence of a customer-facing food establishment.",,UNCLEAR_LOCATION_CONFIRMED,UNCLEAR,Insufficient evidence,
27522,Gizmo,gizmo,Restaurant/Cafe/Canteen,"Gizmo, Shop, 203 Green Lanes, London",N16 9DJ,Islington,1965633,1,0.015681608367035,YES,UNCLEAR,,"Gizmo is listed as a Restaurant/Cafe/Canteen, but there is no further information available to determine its specific offerings or if it has a bakery component.",,UNCLEAR_LOCATION_CONFIRMED,NON_BAKERY,,https://share.google/bRWn8blH1gGz8Ozos
27608,Belvedere Local,belvedere local,Retailers - other,"100-102 Lower Road, Belvedere, Kent",DA17 6DZ,Bexley,329153,1,0.0156300223746331,YES,UNCLEAR,,"Retailers - other. The business name ""Belvedere Local"" suggests a local shop, but there is no affirmative evidence of substantial bakery provision at this specific location.",,UNCLEAR_LOCATION_CONFIRMED,NON_BAKERY,,https://share.google/72nSAqnY2edK670Bg
27688,Ngoc hiep supermarket 86 Ltd,ngoc hiep supermarket 86 ltd,Retailers - other,"86 Deptford High Street, London",SE8 4RG,Lewisham,1956990,1,0.0155986990853858,YES,UNCLEAR,,Supermarket with no affirmative evidence of a substantial bakery provision at this specific location.,,UNCLEAR_LOCATION_CONFIRMED,NON_BAKERY,,https://share.google/rPPUjT6AzLYqCtv7S
28013,OHO,oho,Retailers - other,"576 Barking Road, Plaistow, London",E13 9JU,Newham,1104282,1,0.0154298622823331,YES,UNCLEAR,,"OHO at 576 Barking Road, Plaistow, London E13 9JU is listed as ""Retailers - other"" by FHRS, but there is no further information available to determine its specific operating model or if it has substantial bakery provision.",,UNCLEAR_LOCATION_CONFIRMED,NON_BAKERY,,https://share.google/aoqnFVjyvzfm1sBiV
28014,Silvermans,silvermans,Retailers - other,"6 Canons Corner, Edgware",HA8 8AE,Harrow,1124957,1,0.0154297303962698,YES,UNCLEAR,,"Silvermans at 6 Canons Corner, Edgware, HA8 8AE is listed as ""Retailers - other"" by FHRS. There is no clear evidence to classify it as a bakery, and the address appears to be a general retail/residential area.",,UNCLEAR_LOCATION_CONFIRMED,NON_BAKERY,,https://share.google/W2NAxcwfFT4XztI5S
28588,TheGrocery,thegrocery,Retailers - other,"Unit 7 New Lydenburg Commercial Estate New Lydenburg Street, Charlton, Greenwich",SE7 8NF,Greenwich,1790460,1,0.0151243626128123,YES,UNCLEAR,,"Commercial estate with various units, but no specific retail bakery operation is identified for ""TheGrocery"".",,UNCLEAR_LOCATION_CONFIRMED,UNCLEAR,Insufficient evidence,
28756,Hajiya's,hajiya s,Importers/Exporters,"Unit 838, 7C Coronation Road, Park Royal",NW10 7PQ,Ealing,1662693,1,0.015042119820736,YES,UNCLEAR,,"While the business website mentions ""Hajiya's Bakery"" and ""Luxury Authentic Hausa Kuli Kuli"", the primary focus appears to be on general food products and kitchenware, and the address provided is for a commercial kitchen/storage facility, not a customer-facing retail bakery.",,UNCLEAR_LOCATION_CONFIRMED,UNCLEAR,Insufficient evidence,
